item_id,item_material,item_num,item_length,item_width,item_order
35627,YSH-0253S,1,2429,348,order331
36163,YSH-0515S,1,2402,38,order238
35794,YSH-0336S,1,2398,38,order48
35863,YSH-0370S,1,2398,598,order583
36034,YSH-0453S,1,2398,38,order301
36070,YSH-0470S,1,2398,58,order570
35580,YSH-0231SD,1,2395,598,order46
35797,YSH-0338SD,1,2393,508,order275
35987,YSH-0431SD,1,2393,578,order294
36138,YSH-0503S,1,2386,38,order592
36194,YSH-0531SD,1,2385,358,order43
35776,YSH-0327S,1,2383,648,order177
36045,YSH-0459SD,1,2383,648,order177
35654,YSH-0267SD,1,2378,53,order128
36248,YSH-0557S,1,2377,464.5,order48
35632,YSH-0256SD,1,2373,550,order279
35933,YSH-0404SD,1,2371.5,387,order43
36224,YSH-0546SD,1,2371.5,424,order43
35737,YSH-0308SD,1,2369,392,order282
35819,YSH-0348S,1,2368,298,order521
35640,YSH-0260SD,1,2364,480,order138
36091,YSH-0480S,1,2364,480,order138
36173,YSH-0520S,1,2362,424.5,order592
35615,YSH-0247S,1,2361,435,order293
36151,YSH-0509S,1,2358,578,order48
35711,YSH-0295SD,1,2353,580,order422
35997,YSH-0435S,1,2348,570,order589
36001,YSH-0437S,1,2332,58,order570
36150,YSH-0509SD,1,2331,528,order138
35651,YSH-0265S,1,2329,446,order294
36107,YSH-0488S,1,2328,298,order573
35673,YSH-0276S,1,2318,420,order295
36063,YSH-0467S,1,2309,348,order279
36172,YSH-0520SD,1,2309,439,order279
36197,YSH-0532S,1,2308,310,order40
35907,YSH-0391S,1,2304,476.5,order272
35805,YSH-0342SD,1,2298,415,order333
35953,YSH-0414SD,1,2298,598,order583
35989,YSH-0432SD,1,2285,821,order295
36027,YSH-0450SD,1,2285,821,order295
36159,YSH-0513S,1,2284,494,order350
35948,YSH-0411S,1,2276,382,order279
35703,YSH-0291SD,1,2274,455,order490
35761,YSH-0320SD,1,2271,312,order521
36303,YSH-0584S,1,2261,466,order46
36239,YSH-0553SD,1,2244,343.5,order40
36120,YSH-0495SD,1,2236,557,order592
35971,YSH-0423SD,1,2231,297,order573
36108,YSH-0489SD,1,2231,538.5,order573
35637,YSH-0258S,1,2198,38,order451
35900,YSH-0388SD,1,2198,343,order45
35767,YSH-0323SD,1,2178,173,order21
35856,YSH-0367SD,1,2158,58,order259
35867,YSH-0372S,1,2158,58,order178
35692,YSH-0286SD,1,2140.5,357,order21
35662,YSH-0271SD,1,2109,420,order291
35860,YSH-0369SD,1,2098,568,order180
36142,YSH-0505S,1,2098,578,order260
35940,YSH-0407S,1,2073,560,order438
36094,YSH-0482SD,1,2068.5,438,order438
36177,YSH-0522S,1,2068.5,438.5,order438
35895,YSH-0385S,1,2063,38,order354
35821,YSH-0349S,1,2060.5,429,order333
35573,YSH-0227S,1,2048,380,order179
35603,YSH-0242SD,1,2038,38,order419
36186,YSH-0527SD,1,2035.5,416.5,order187
35777,YSH-0328SD,1,2034,445,order437
35855,YSH-0366S,1,2034,415,order259
35623,YSH-0251S,1,2021,741,order264
35904,YSH-0390SD,1,2021,750,order264
36134,YSH-0501S,1,2021,741,order264
35600,YSH-0240S,1,2001,438,order183
35785,YSH-0332SD,1,2001,502,order260
35880,YSH-0378S,1,1998,398,order98
35802,YSH-0340S,1,1994,406.5,order218
36141,YSH-0505SD,1,1994,430,order218
35807,YSH-0343SD,1,1981,558,order279
36081,YSH-0475S,1,1978,700,order262
35778,YSH-0328S,1,1968,540,order333
36202,YSH-0535SD,1,1963.5,395,order333
36309,YSH-0587S,1,1963.5,395,order333
36209,YSH-0538S,1,1961,832,order218
36212,YSH-0540SD,1,1961,794,order218
35598,YSH-0239S,1,1955,498.5,order176
36215,YSH-0541S,1,1955,498.5,order176
36079,YSH-0475SD,1,1951,951,order188
36245,YSH-0556SD,1,1951,951,order188
36223,YSH-0545S,1,1949,38,order332
36296,YSH-0581SD,1,1931,978,order176
35659,YSH-0269S,1,1928,38,order224
36279,YSH-0572S,1,1928,280,order224
35825,YSH-0351S,1,1911,846,order356
36174,YSH-0521SD,1,1902.5,430,order546
35811,YSH-0345SD,1,1901,998,order190
35925,YSH-0400SD,1,1901,108.6,order419
35966,YSH-0420S,1,1901,412,order190
36166,YSH-0517SD,1,1901,429,order419
35675,YSH-0277S,1,1900,477,order438
36057,YSH-0465SD,1,1900,58,order438
35981,YSH-0428SD,1,1863,981,order48
35929,YSH-0402SD,1,1839.5,472,order264
35671,YSH-0275S,1,1812,375,order422
35816,YSH-0347S,1,1812,375,order410
36036,YSH-0454S,1,1812,375,order410
36016,YSH-0444S,1,1808,38,order44
35663,YSH-0271S,1,1797,471,order570
36065,YSH-0468S,1,1797,412.5,order570
36066,YSH-0469SD,1,1772,58,order451
35871,YSH-0374SD,1,1760,278,order332
36275,YSH-0570S,1,1758,38,order294
36286,YSH-0576SD,1,1758,578,order569
36090,YSH-0480SD,1,1738.5,704,order569
35827,YSH-0352S,1,1721.5,519.5,order546
36221,YSH-0544S,1,1718,58,order568
36041,YSH-0457SD,1,1712,429,order333
35992,YSH-0433SD,1,1703,842,order184
36050,YSH-0461S,1,1698,68,order438
36243,YSH-0555SD,1,1662,329,order334
36293,YSH-0579S,1,1651,530,order331
35634,YSH-0257SD,1,1632,457,order570
36192,YSH-0530SD,1,1632,457,order570
35666,YSH-0273SD,1,1610,318,order521
36074,YSH-0472S,1,1610,318,order521
35791,YSH-0335SD,1,1598,548,order521
35883,YSH-0380SD,1,1598,498,order333
35976,YSH-0425S,1,1590,342,order45
35986,YSH-0430S,1,1584.5,435,order184
35687,YSH-0283S,1,1576,362,order45
36111,YSH-0490S,1,1562,539,order333
35916,YSH-0395S,1,1557.5,58,order523
35574,YSH-0228SD,1,1548,432,order190
36298,YSH-0582SD,1,1547,734,order333
35990,YSH-0432S,1,1537,57,order350
35983,YSH-0429SD,1,1498,760,order279
35923,YSH-0399SD,1,1494,387,order292
35593,YSH-0237S,1,1488,558,order591
35560,YSH-0221SD,1,1441.5,881,order175
36061,YSH-0466S,1,1398,576,order591
36247,YSH-0557SD,1,1398,328,order281
35664,YSH-0272SD,1,1392,425,order568
36178,YSH-0523SD,1,1382,58,order265
36105,YSH-0487S,1,1381,327,order263
36232,YSH-0549S,1,1381,327,order263
36254,YSH-0560S,1,1381,298,order263
35565,YSH-0223S,1,1319.5,48,order224
35563,YSH-0222S,1,1312,598,order523
36071,YSH-0471SD,1,1310,572,order523
35628,YSH-0254SD,1,1288,38,order331
36213,YSH-0540S,1,1264.5,412,order224
35790,YSH-0334S,1,1258,338,order521
35606,YSH-0243SD,1,1252,58,order568
35617,YSH-0248S,1,1252,58,order592
35657,YSH-0268S,1,1242,348,order282
35845,YSH-0361S,1,1242,275,order282
35585,YSH-0233S,1,1223,327,order438
36160,YSH-0514SD,1,1180,578,order438
35906,YSH-0391SD,1,1168,598,order569
35716,YSH-0297S,1,1163,48,order273
36022,YSH-0447S,1,1162,357,order43
35706,YSH-0292S,1,1160,378,order272
35642,YSH-0261SD,1,1148,377,order43
35649,YSH-0264S,1,1132,487,order275
36216,YSH-0542SD,1,1132,487,order275
36231,YSH-0549SD,1,1127,302,order273
35587,YSH-0234S,1,1122,387,order98
35949,YSH-0412SD,1,1120,377,order272
35558,YSH-0220SD,1,1113,538,order176
35957,YSH-0416SD,1,1097,297,order573
36033,YSH-0453SD,1,1088,294,order544
35691,YSH-0285S,1,1072,83,order569
35601,YSH-0241SD,1,1060,58,order333
35768,YSH-0323S,1,1028.5,549,order356
35795,YSH-0337SD,1,1028.5,549,order356
35612,YSH-0246SD,1,1027.5,530,order356
35885,YSH-0381SD,1,998,38,order589
36162,YSH-0515SD,1,997,408,order190
35927,YSH-0401SD,1,991,512,order569
35589,YSH-0235S,1,984,343.5,order40
35579,YSH-0230S,1,981,58,order48
36201,YSH-0534S,1,980,410,order283
35605,YSH-0242S,1,978,380,order438
35709,YSH-0294SD,1,978,380,order438
35736,YSH-0307S,1,978,380,order438
35917,YSH-0396SD,1,978,380,order438
35946,YSH-0410S,1,978,58,order176
35996,YSH-0435SD,1,978,548,order176
36305,YSH-0585S,1,978,394,order43
35625,YSH-0252S,1,974,480,order438
35978,YSH-0426S,1,973,868,order281
36146,YSH-0507S,1,973,343,order45
35557,YSH-0219S,1,972,579,order218
35721,YSH-0300SD,1,972,58,order218
36140,YSH-0504S,1,972,58,order218
35903,YSH-0389S,1,969,383,order285
36059,YSH-0466SD,1,969,358,order571
36086,YSH-0478SD,1,969,358,order571
35920,YSH-0397S,1,962,880,order190
35752,YSH-0315S,1,951,607,order188
36176,YSH-0522SD,1,951,607,order188
35853,YSH-0365S,1,950,422,order184
35756,YSH-0317S,1,947,58,order180
35822,YSH-0350SD,1,941,447,order438
36154,YSH-0511SD,1,941,447,order438
35936,YSH-0405S,1,936,298,order301
35644,YSH-0262SD,1,925,58,order272
35801,YSH-0340SD,1,925,147,order272
36155,YSH-0511S,1,925,58,order272
36056,YSH-0464S,1,924,128,order272
30610,ZQB-0218S,1,2438,580,order508
30258,ZQB-0218S,1,2398,88,order460
30563,ZQB-0218S,1,2398,58,order270
30778,ZQB-0218S,1,2398,398,order89
30855,ZQB-0218S,1,2398,578,order270
31003,ZQB-0218S,1,2398,320,order74
30968,ZQB-0218S,1,2396,847,order505
30773,ZQB-0218S,1,2391,405,order509
30715,ZQB-0218S,1,2383,580,order577
30268,ZQB-0218S,1,2378,560,order151
30548,ZQB-0218S,1,2356,558,order393
30587,ZQB-0218S,1,2356,558,order393
30502,ZQB-0218S,1,2353,580,order313
30550,ZQB-0218S,1,2353,580,order310
30608,ZQB-0218S,1,2351,402,order119
30909,ZQB-0218S,1,2341,927,order508
30407,ZQB-0218S,1,2334,345,order579
30866,ZQB-0218S,1,2314,377.5,order151
30882,ZQB-0218S,1,2306,720,order106
30221,ZQB-0218S,1,2303,578,order150
30380,ZQB-0218S,1,2301,421,order198
30574,ZQB-0218S,1,2301,662,order579
30453,ZQB-0218S,1,2281,736,order151
30456,ZQB-0218S,1,2232,543,order393
30945,ZQB-0218S,1,2232,545,order393
30428,ZQB-0218S,1,2198,578,order16
30305,ZQB-0218S,1,2188,38,order499
30903,ZQB-0218S,1,2188,38,order495
30787,ZQB-0218S,1,2185.5,447.5,order492
30880,ZQB-0218S,1,2184,427,order150
30676,ZQB-0218S,1,2173,248,order165
30925,ZQB-0218S,1,2172,58,order32
30315,ZQB-0218S,1,2160,58,order361
30949,ZQB-0218S,1,2158,398,order539
30526,ZQB-0218S,1,2148,330,order503
30636,ZQB-0218S,1,2148,588,order3
30328,ZQB-0218S,1,2134,395,order16
30412,ZQB-0218S,1,2129,412,order389
30233,ZQB-0218S,1,2123,580,order540
30243,ZQB-0218S,1,2120,58,order539
30524,ZQB-0218S,1,2101,1151,order56
30752,ZQB-0218S,1,2100.9,489,order199
30421,ZQB-0218S,1,2098,578,order581
30711,ZQB-0218S,1,2098,558,order248
30886,ZQB-0218S,1,2098,568,order461
31008,ZQB-0218S,1,2098,478,order582
30296,ZQB-0218S,1,2094,378,order142
30478,ZQB-0218S,1,2094,378,order142
30416,ZQB-0218S,1,2076,454,order165
30941,ZQB-0218S,1,2061,575,order421
30204,ZQB-0218S,1,2053,480,order211
30219,ZQB-0218S,1,2048,578,order153
30865,ZQB-0218S,1,2048,528,order35
30889,ZQB-0218S,1,2048,528,order36
30964,ZQB-0218S,1,2048,528,order35
30327,ZQB-0218S,1,2038,38,order420
30541,ZQB-0218S,1,2038,38,order420
30740,ZQB-0218S,1,2038,38,order117
30215,ZQB-0218S,1,2034,410,order461
30418,ZQB-0218S,1,2034,430,order248
31015,ZQB-0218S,1,2034,430,order248
30878,ZQB-0218S,1,2026,754,order540
30306,ZQB-0218S,1,2015.5,395,order153
30400,ZQB-0218S,1,2015.5,395,order153
30617,ZQB-0218S,1,2015.5,395,order153
30347,ZQB-0218S,1,2008,550,order210
30538,ZQB-0218S,1,2001,942,order582
30492,ZQB-0218S,1,1998,38,order495
30497,ZQB-0218S,1,1998,48,order270
30692,ZQB-0218S,1,1998,58,order270
30635,ZQB-0218S,1,1984,411,order36
30639,ZQB-0218S,1,1964,395,order208
30471,ZQB-0218S,1,1951,577,order526
30573,ZQB-0218S,1,1951,810,order149
30490,ZQB-0218S,1,1941,399,order212
30612,ZQB-0218S,1,1931,762,order208
30329,ZQB-0218S,1,1918.5,763,order459
30228,ZQB-0218S,1,1913,38,order117
30663,ZQB-0218S,1,1892,361.5,order537
30856,ZQB-0218S,1,1888,199,order142
30324,ZQB-0218S,1,1883,498,order209
30366,ZQB-0218S,1,1873,368,order117
30362,ZQB-0218S,1,1862,339,order106
30655,ZQB-0218S,1,1862,364,order106
30585,ZQB-0218S,1,1861,38,order540
30441,ZQB-0218S,1,1848,78,order212
30726,ZQB-0218S,1,1833,58,order584
30367,ZQB-0218S,1,1808,685,order142
30332,ZQB-0218S,1,1798,300,order461
30554,ZQB-0218S,1,1783,378,order584
30515,ZQB-0218S,1,1780,378,order394
30892,ZQB-0218S,1,1780,378,order394
31002,ZQB-0218S,1,1771.5,397.5,order304
30815,ZQB-0218S,1,1760,327,order51
30455,ZQB-0218S,1,1748,348,order145
30312,ZQB-0218S,1,1712,58,order212
30748,ZQB-0218S,1,1712,399,order212
30984,ZQB-0218S,1,1701.5,960,order394
30307,ZQB-0218S,1,1668,247,order495
30514,ZQB-0218S,1,1663,58,order36
30235,ZQB-0218S,1,1647,579,order540
30549,ZQB-0218S,1,1647,579,order540
30545,ZQB-0218S,1,1601,215,order216
30358,ZQB-0218S,1,1598,598,order506
30969,ZQB-0218S,1,1593,58,order3
30425,ZQB-0218S,1,1585,377,order584
30494,ZQB-0218S,1,1578,389,order459
30582,ZQB-0218S,1,1578,389,order459
30527,ZQB-0218S,1,1576,58,order525
30529,ZQB-0218S,1,1572.5,377,order17
30338,ZQB-0218S,1,1572,329,order209
30619,ZQB-0218S,1,1572,329,order209
30701,ZQB-0218S,1,1560,58,order14
30944,ZQB-0218S,1,1555.5,385.8,order459
30498,ZQB-0218S,1,1543,348,order182
30908,ZQB-0218S,1,1532,577,order526
30799,ZQB-0218S,1,1528,58,order35
30521,ZQB-0218S,1,1503,458,order460
30868,ZQB-0218S,1,1500,80,order530
30508,ZQB-0218S,1,1497.5,548,order540
30642,ZQB-0218S,1,1480,38,order199
30276,ZQB-0218S,1,1460,58,order529
30675,ZQB-0218S,1,1439,379,order165
30942,ZQB-0218S,1,1438,398,order539
30396,ZQB-0218S,1,1432,427,order33
30450,ZQB-0218S,1,1428,498,order248
30845,ZQB-0218S,1,1402,377,order53
30702,ZQB-0218S,1,1367,742,order149
30507,ZQB-0218S,1,1366,58,order25
30746,ZQB-0218S,1,1366,565,order25
30658,ZQB-0218S,1,1360,58,order554
30487,ZQB-0218S,1,1297,358,order564
30943,ZQB-0218S,1,1297,337,order210
30279,ZQB-0218S,1,1273,428,order369
31019,ZQB-0218S,1,1273,182.5,order212
30994,ZQB-0218S,1,1265,377,order17
30820,ZQB-0218S,1,1262,961,order32
30406,ZQB-0218S,1,1260,557,order32
30325,ZQB-0218S,1,1238,38,order495
30902,ZQB-0218S,1,1238,38,order495
30759,ZQB-0218S,1,1235,168,order211
30302,ZQB-0218S,1,1222,575,order270
30940,ZQB-0218S,1,1222,559,order149
30218,ZQB-0218S,1,1208,38,order304
30334,ZQB-0218S,1,1198,38,order537
30533,ZQB-0218S,1,1198,278,order495
30732,ZQB-0218S,1,1198,578,order371
30477,ZQB-0218S,1,1194.5,420,order371
30557,ZQB-0218S,1,1191,448,order509
30438,ZQB-0218S,1,1180,328,order15
30647,ZQB-0218S,1,1176,38,order117
30299,ZQB-0218S,1,1172,548,order304
30278,ZQB-0218S,1,1162,557,order123
30629,ZQB-0218S,1,1162,58,order150
30665,ZQB-0218S,1,1162,277,order199
30904,ZQB-0218S,1,1162,557,order393
30606,ZQB-0218S,1,1161,536,order393
30569,ZQB-0218S,1,1160,58,order499
30914,ZQB-0218S,1,1160,58,order499
30814,ZQB-0218S,1,1158,328,order9
30283,ZQB-0218S,1,1151,329,order56
30753,ZQB-0218S,1,1151,329,order56
30891,ZQB-0218S,1,1151,329,order56
30432,ZQB-0218S,1,1137,579,order540
30649,ZQB-0218S,1,1136,347,order271
30770,ZQB-0218S,1,1115,494,order15
30443,ZQB-0218S,1,1098,428,order33
30786,ZQB-0218S,1,1090,308,order534
30985,ZQB-0218S,1,1090,58,order534
30721,ZQB-0218S,1,1079,305,order167
30705,ZQB-0218S,1,1071.5,415,order164
30917,ZQB-0218S,1,1065,558,order164
30333,ZQB-0218S,1,1062,699,order537
30824,ZQB-0218S,1,1062,58,order537
30932,ZQB-0218S,1,1062,699,order537
30389,ZQB-0218S,1,1056,555,order393
30652,ZQB-0218S,1,1055,536,order393
30300,ZQB-0218S,1,1051,482,order72
30913,ZQB-0218S,1,1049.5,475,order53
30926,ZQB-0218S,1,1047,58,order214
30937,ZQB-0218S,1,1038,358,order223
30542,ZQB-0218S,1,1037.5,812,order211
30996,ZQB-0218S,1,1037.5,479,order211
30271,ZQB-0218S,1,1032,58,order536
30472,ZQB-0218S,1,1032,452.5,order420
30605,ZQB-0218S,1,1032,58,order536
30383,ZQB-0218S,1,1019.5,556,order421
30907,ZQB-0218S,1,1019.5,556,order421
30703,ZQB-0218S,1,1008,456,order582
30978,ZQB-0218S,1,1001,317,order223
30766,ZQB-0218S,1,1000,454.5,order36
25126,NBSY-0218SD,1,2438,38,order553
25169,NBSY-0218SD,1,2438,38,order552
25386,NBSY-0218SD,1,2438,38,order559
25389,NBSY-0218SD,1,2438,38,order587
25400,NBSY-0218SD,1,2438,38,order602
25495,NBSY-0218SD,1,2438,38,order601
25539,NBSY-0218SD,1,2438,38,order559
25583,NBSY-0218SD,1,2438,38,order598
25598,NBSY-0218SD,1,2438,38,order597
25292,NBSY-0218SD,1,2425,568,order163
25503,NBSY-0218SD,1,2425,568,order163
25708,NBSY-0218SD,1,2425,568,order162
25423,NBSY-0218SD,1,2420,38,order588
25360,NBSY-0218SD,1,2418,58,order595
25355,NBSY-0218SD,1,2410,38,order377
25124,NBSY-0218SD,1,2398,38,order596
25187,NBSY-0218SD,1,2398,380,order49
25208,NBSY-0218SD,1,2398,398,order49
25411,NBSY-0218SD,1,2398,38,order326
25427,NBSY-0218SD,1,2398,380,order49
25445,NBSY-0218SD,1,2398,580,order558
25478,NBSY-0218SD,1,2398,280,order553
25681,NBSY-0218SD,1,2398,575,order553
25790,NBSY-0218SD,1,2398,398,order49
25856,NBSY-0218SD,1,2398,575,order553
25874,NBSY-0218SD,1,2398,380,order49
25567,NBSY-0218SD,1,2394.5,375,order29
25720,NBSY-0218SD,1,2393,408,order596
25473,NBSY-0218SD,1,2391,38,order139
25372,NBSY-0218SD,1,2389,330,order300
25328,NBSY-0218SD,1,2386,440,order76
25330,NBSY-0218SD,1,2386,415,order76
25879,NBSY-0218SD,1,2386,420,order76
25515,NBSY-0218SD,1,2384,58,order555
25212,NBSY-0218SD,1,2377,415,order80
25494,NBSY-0218SD,1,2377,415,order80
25554,NBSY-0218SD,1,2370,558,order377
25553,NBSY-0218SD,1,2369,392.5,order377
25678,NBSY-0218SD,1,2361,58,order185
25845,NBSY-0218SD,1,2361,470,order162
25120,NBSY-0218SD,1,2360,357,order376
25146,NBSY-0218SD,1,2360,58,order586
25252,NBSY-0218SD,1,2355,38,order26
25543,NBSY-0218SD,1,2353,822,order50
25390,NBSY-0218SD,1,2348,530,order595
25787,NBSY-0218SD,1,2348,370,order588
25209,NBSY-0218SD,1,2347,558,order76
25739,NBSY-0218SD,1,2339,440,order552
25821,NBSY-0218SD,1,2339,440,order552
25257,NBSY-0218SD,1,2338,598,order80
25876,NBSY-0218SD,1,2338,377,order587
25140,NBSY-0218SD,1,2334,435,order28
25093,NBSY-0218SD,1,2301,400,order49
25635,NBSY-0218SD,1,2301,574,order553
25683,NBSY-0218SD,1,2301,856,order555
25875,NBSY-0218SD,1,2301,838,order49
25915,NBSY-0218SD,1,2301,188,order112
25357,NBSY-0218SD,1,2298,373,order358
25813,NBSY-0218SD,1,2298,359,order358
25638,NBSY-0218SD,1,2284,406,order596
25185,NBSY-0218SD,1,2252,390,order267
25529,NBSY-0218SD,1,2252,390,order267
25447,NBSY-0218SD,1,2251,771,order588
25929,NBSY-0218SD,1,2251,737,order477
25771,NBSY-0218SD,1,2246,460,order586
25723,NBSY-0218SD,1,2243,588,order267
25125,NBSY-0218SD,1,2241,400,order80
25615,NBSY-0218SD,1,2236,402,order478
25432,NBSY-0218SD,1,2228,58,order131
25121,NBSY-0218SD,1,2218,58,order79
25651,NBSY-0218SD,1,2201,201,order358
25256,NBSY-0218SD,1,2198,298,order115
25609,NBSY-0218SD,1,2148,578,order132
25660,NBSY-0218SD,1,2148,58,order129
25834,NBSY-0218SD,1,2148,398,order576
25889,NBSY-0218SD,1,2148,398,order576
25254,NBSY-0218SD,1,2146,763,order267
25410,NBSY-0218SD,1,2146,763,order267
25094,NBSY-0218SD,1,2138,58,order76
25192,NBSY-0218SD,1,2098,558,order416
25298,NBSY-0218SD,1,2098,38,order429
25387,NBSY-0218SD,1,2098,558,order416
25451,NBSY-0218SD,1,2098,380,order413
25142,NBSY-0218SD,1,2084,450,order576
25343,NBSY-0218SD,1,2084,501,order576
25366,NBSY-0218SD,1,2084,425,order131
25402,NBSY-0218SD,1,2084,408.8,order132
25695,NBSY-0218SD,1,2084,413,order129
25149,NBSY-0218SD,1,2053,758,order494
25349,NBSY-0218SD,1,2053,557,order494
25716,NBSY-0218SD,1,2052,564.5,order129
25927,NBSY-0218SD,1,2051,672,order576
25496,NBSY-0218SD,1,2038,580,order415
25527,NBSY-0218SD,1,2021.5,371,order368
25815,NBSY-0218SD,1,2021.5,392,order368
25342,NBSY-0218SD,1,2018,546,order597
25552,NBSY-0218SD,1,2003,953,order403
25555,NBSY-0218SD,1,2001,459,order416
25833,NBSY-0218SD,1,2001,950,order416
25406,NBSY-0218SD,1,1998,530,order550
25534,NBSY-0218SD,1,1967,58,order494
25568,NBSY-0218SD,1,1961,762,order139
25139,NBSY-0218SD,1,1954,58,order586
25419,NBSY-0218SD,1,1918,38,order392
25234,NBSY-0218SD,1,1859,58,order429
25624,NBSY-0218SD,1,1859,330,order300
25742,NBSY-0218SD,1,1848.5,697,order598
25119,NBSY-0218SD,1,1839,118,order429
25884,NBSY-0218SD,1,1828,280,order392
25618,NBSY-0218SD,1,1822,350,order377
25910,NBSY-0218SD,1,1822,377,order300
25348,NBSY-0218SD,1,1816,479,order553
25441,NBSY-0218SD,1,1783,287,order41
25764,NBSY-0218SD,1,1783,298,order41
25655,NBSY-0218SD,1,1781,298,order556
25265,NBSY-0218SD,1,1780,58,order80
25264,NBSY-0218SD,1,1768,58,order549
25825,NBSY-0218SD,1,1760,65,order80
25917,NBSY-0218SD,1,1748,347,order300
25728,NBSY-0218SD,1,1738,58,order76
25493,NBSY-0218SD,1,1736,58,order8
25303,NBSY-0218SD,1,1704,58,order600
25270,NBSY-0218SD,1,1688,58,order299
25789,NBSY-0218SD,1,1639,58,order348
25575,NBSY-0218SD,1,1622,261,order300
25558,NBSY-0218SD,1,1616.5,962,order359
25688,NBSY-0218SD,1,1603,528,order559
25842,NBSY-0218SD,1,1603,404.3,order112
25225,NBSY-0218SD,1,1597,55,order50
25137,NBSY-0218SD,1,1562,580,order52
25689,NBSY-0218SD,1,1552,737,order559
25251,NBSY-0218SD,1,1525.5,360,order52
25919,NBSY-0218SD,1,1522,727,order8
25861,NBSY-0218SD,1,1514.5,447.5,order429
25325,NBSY-0218SD,1,1498,598,order163
25476,NBSY-0218SD,1,1494,319,order278
25484,NBSY-0218SD,1,1494,541,order278
25429,NBSY-0218SD,1,1485,58,order370
25457,NBSY-0218SD,1,1480,309,order278
25464,NBSY-0218SD,1,1478,478,order575
25098,NBSY-0218SD,1,1472,58,order559
25912,NBSY-0218SD,1,1468,38,order392
25736,NBSY-0218SD,1,1467,1090,order370
25241,NBSY-0218SD,1,1447.5,310,order278
25500,NBSY-0218SD,1,1447.5,310,order278
25784,NBSY-0218SD,1,1445,380,order358
25344,NBSY-0218SD,1,1443.5,475,order542
25831,NBSY-0218SD,1,1443.5,505,order542
25305,NBSY-0218SD,1,1439.5,395,order79
25373,NBSY-0218SD,1,1439.5,395,order79
25907,NBSY-0218SD,1,1439.5,395,order79
25377,NBSY-0218SD,1,1430,623,order370
25511,NBSY-0218SD,1,1429.5,319,order278
25338,NBSY-0218SD,1,1428,432,order370
25470,NBSY-0218SD,1,1418.5,380,order587
25711,NBSY-0218SD,1,1414,58,order550
25156,NBSY-0218SD,1,1410.5,330,order542
25123,NBSY-0218SD,1,1391.5,885,order392
25544,NBSY-0218SD,1,1371,812,order185
25640,NBSY-0218SD,1,1368,648,order79
25785,NBSY-0218SD,1,1368,298,order392
25675,NBSY-0218SD,1,1357,58,order553
25261,NBSY-0218SD,1,1343,58,order276
25642,NBSY-0218SD,1,1343,58,order276
25866,NBSY-0218SD,1,1332,260,order392
25244,NBSY-0218SD,1,1316.5,512,order368
25557,NBSY-0218SD,1,1302,457,order575
25844,NBSY-0218SD,1,1302,58,order575
25633,NBSY-0218SD,1,1298,38,order513
25900,NBSY-0218SD,1,1256,568,order597
25356,NBSY-0218SD,1,1248,58,order402
25381,NBSY-0218SD,1,1243,348,order300
25516,NBSY-0218SD,1,1243,348,order300
25461,NBSY-0218SD,1,1235,298,order276
25599,NBSY-0218SD,1,1235,298,order276
25602,NBSY-0218SD,1,1222,337,order556
25130,NBSY-0218SD,1,1220,38,order392
25809,NBSY-0218SD,1,1218,58,order163
25150,NBSY-0218SD,1,1210,58,order286
25171,NBSY-0218SD,1,1210,148,order286
25221,NBSY-0218SD,1,1210,626.5,order286
25891,NBSY-0218SD,1,1210,58,order286
25135,NBSY-0218SD,1,1202,58,order413
25092,NBSY-0218SD,1,1198,383,order114
25274,NBSY-0218SD,1,1198,348,order300
25839,NBSY-0218SD,1,1198,280,order185
25586,NBSY-0218SD,1,1197,498,order39
25452,NBSY-0218SD,1,1196.8,329,order112
25687,NBSY-0218SD,1,1188,290,order431
25317,NBSY-0218SD,1,1183,58,order113
25619,NBSY-0218SD,1,1148,466,order597
25828,NBSY-0218SD,1,1148,350,order542
25895,NBSY-0218SD,1,1138,58,order29
25231,NBSY-0218SD,1,1135,377,order601
25754,NBSY-0218SD,1,1135,377,order601
25269,NBSY-0218SD,1,1132,347,order78
25354,NBSY-0218SD,1,1132,359,order299
25472,NBSY-0218SD,1,1120,797.2,order112
25694,NBSY-0218SD,1,1114,43,order300
25196,NBSY-0218SD,1,1112,557,order477
25299,NBSY-0218SD,1,1112,559,order477
25717,NBSY-0218SD,1,1111,482,order597
25647,NBSY-0218SD,1,1098,380,order413
25672,NBSY-0218SD,1,1098,38,order50
25571,NBSY-0218SD,1,1067,342,order113
25744,NBSY-0218SD,1,1067,342,order113
25446,NBSY-0218SD,1,1063,177,order428
25532,NBSY-0218SD,1,1063,58,order428
25793,NBSY-0218SD,1,1063,377,order428
25779,NBSY-0218SD,1,1062,58,order222
25333,NBSY-0218SD,1,1044,178,order348
25768,NBSY-0218SD,1,1043,177.5,order348
25462,NBSY-0218SD,1,1040,252,order276
25131,NBSY-0218SD,1,1011,58,order370
25414,NBSY-0218SD,1,1011,58,order370
25582,NBSY-0218SD,1,1010,38,order417
25584,NBSY-0218SD,1,1010,58,order39
25308,NBSY-0218SD,1,998,248,order542
25712,NBSY-0218SD,1,998,38,order587
25536,NBSY-0218SD,1,991,58,order370
25309,NBSY-0218SD,1,981.5,121.5,order368
25320,NBSY-0218SD,1,980,576,order132
25378,NBSY-0218SD,1,975,574,order139
25680,NBSY-0218SD,1,974,557,order139
25718,NBSY-0218SD,1,973,578,order50
25403,NBSY-0218SD,1,968,58,order76
25648,NBSY-0218SD,1,967,384.5,order299
25428,NBSY-0218SD,1,962,342.5,order587
25804,NBSY-0218SD,1,962,228,order359
25115,NBSY-0218SD,1,950,58,order416
25359,NBSY-0218SD,1,948,248,order599
25263,NBSY-0218SD,1,947,557,order80
25438,NBSY-0218SD,1,947,58,order80
25486,NBSY-0218SD,1,947,58,order80
25506,NBSY-0218SD,1,946,482,order80
25612,NBSY-0218SD,1,939,358.5,order428
25762,NBSY-0218SD,1,939,58,order553
25923,NBSY-0218SD,1,939,553,order553
25282,NBSY-0218SD,1,936,538,order77
25392,NBSY-0218SD,1,936,58,order77
25682,NBSY-0218SD,1,932,527,order595
25798,NBSY-0218SD,1,931,403.5,order112
25867,NBSY-0218SD,1,931,403.5,order112
25107,NBSY-0218SD,1,930,471.5,order100
25198,NBSY-0218SD,1,930,341,order428
25755,NBSY-0218SD,1,930,377,order428
25888,NBSY-0218SD,1,926,420,order185
25565,NBSY-0218SD,1,924,225.5,order558
25564,NBSY-0218SD,1,922,329,order411
25091,NBSY-0218SD,1,921,567,order162
25608,NBSY-0218SD,1,921,58,order162
25385,NBSY-0218SD,1,920.5,38,order39
25738,NBSY-0218SD,1,912,457,order357
25928,NBSY-0218SD,1,912,258,order392
25174,NBSY-0218SD,1,911,52.5,order368
25699,NBSY-0218SD,1,910,239,order586
25661,NBSY-0218SD,1,908,148,order542
25286,NBSY-0218SD,1,906,689,order428
25854,NBSY-0218SD,1,901.5,374,order132
25382,NBSY-0218SD,1,900,553,order553
25383,NBSY-0218SD,1,900,558,order558
25546,NBSY-0218SD,1,900,287.5,order355
25772,NBSY-0218SD,1,900,38,order558
25871,NBSY-0218SD,1,898,377,order100
25199,NBSY-0218SD,1,892,58,order597
25593,NBSY-0218SD,1,885,555,order429
25860,NBSY-0218SD,1,885,308,order411
25862,NBSY-0218SD,1,885,557,order429
25873,NBSY-0218SD,1,885,58,order542
25129,NBSY-0218SD,1,883,38,order392
25908,NBSY-0218SD,1,883,258,order392
25180,NBSY-0218SD,1,880,438,order489
25399,NBSY-0218SD,1,880,558,order477
25691,NBSY-0218SD,1,878,922,order411
25164,NBSY-0218SD,1,876,58,order429
25248,NBSY-0218SD,1,872,58,order576
25932,NBSY-0218SD,1,871,510,order576
25901,NBSY-0218SD,1,866,329,order549
25223,NBSY-0218SD,1,865,498,order586
25573,NBSY-0218SD,1,862,243,order80
25530,NBSY-0218SD,1,853,575,order549
25175,NBSY-0218SD,1,851.5,474,order586
25698,NBSY-0218SD,1,851.5,966,order586
25276,NBSY-0218SD,1,851,559,order28
25701,NBSY-0218SD,1,851,538,order28
25746,NBSY-0218SD,1,848,398,order163
25157,NBSY-0218SD,1,844,489,order558
25255,NBSY-0218SD,1,838,379,order49
25574,NBSY-0218SD,1,838,346.5,order49
25242,NBSY-0218SD,1,836,198,order162
25733,NBSY-0218SD,1,833,302,order428
25818,NBSY-0218SD,1,831,580,order559
25664,NBSY-0218SD,1,830,240,order586
25165,NBSY-0218SD,1,825,277.5,order276
25128,NBSY-0218SD,1,822,58,order50
25170,NBSY-0218SD,1,822,558,order50
25398,NBSY-0218SD,1,822,200,order39
25713,NBSY-0218SD,1,819.5,302.5,order431
25173,NBSY-0218SD,1,819,318,order556
25166,NBSY-0218SD,1,817,132.5,order549
4383,FMB-0215S,1,301.5,723,order57
4384,FMB-0215S,1,479.5,379,order562
4385,FMB-0215S,1,981,398,order227
4386,FMB-0215S,1,548,58,order130
4387,FMB-0215S,1,1598,58,order130
4388,FMB-0215S,1,284.5,277,order342
4389,FMB-0215S,1,598,84,order500
4390,FMB-0215S,1,422,359,order340
4391,FMB-0215S,1,590,289,order435
4392,FMB-0215S,1,479.5,926,order436
4393,FMB-0215S,1,2051,297,order442
4394,FMB-0215S,1,155,508,order344
4395,FMB-0215S,1,815,414,order110
4396,FMB-0215S,1,770,558,order107
4397,FMB-0215S,1,448.5,878,order120
4398,FMB-0215S,1,876,377,order488
4399,FMB-0215S,1,178,299,order116
4400,FMB-0215S,1,1553,580,order306
4401,FMB-0215S,1,369,38,order12
4402,FMB-0215S,1,369,58,order229
4403,FMB-0215S,1,692,309,order137
4404,FMB-0215S,1,754,363,order166
4405,FMB-0215S,1,584,504,order363
4406,FMB-0215S,1,317.5,425,order386
4407,FMB-0215S,1,802,327,order386
4408,FMB-0215S,1,2318,58,order385
4409,FMB-0215S,1,238,118,order444
4410,FMB-0215S,1,629,306,order108
4411,FMB-0215S,1,281,214,order510
4412,FMB-0215S,1,711.5,52.5,order500
4413,FMB-0215S,1,608,560,order500
4414,FMB-0215S,1,462,379,order493
4415,FMB-0215S,1,1040,368,order88
4417,FMB-0215S,1,2322,1050,order306
4418,FMB-0215S,1,445,432,order306
4419,FMB-0215S,1,861,300,order12
4420,FMB-0215S,1,928,58,order229
4421,FMB-0215S,1,715,429,order130
4422,FMB-0215S,1,488,78,order42
4424,FMB-0215S,1,1898,348,order514
4425,FMB-0215S,1,1510,38,order512
4426,FMB-0215S,1,498,791,order391
4427,FMB-0215S,1,495,377,order391
4428,FMB-0215S,1,348,562,order378
4429,FMB-0215S,1,965.5,433,order434
4430,FMB-0215S,1,908,58,order137
4431,FMB-0215S,1,744,214,order137
4432,FMB-0215S,1,238,78,order108
4433,FMB-0215S,1,370,121.5,order483
4434,FMB-0215S,1,695,204,order578
4435,FMB-0215S,1,931,58,order504
4436,FMB-0215S,1,112,98,order242
4437,FMB-0215S,1,2163,330,order246
4438,FMB-0215S,1,373,408,order307
4439,FMB-0215S,1,294.5,816,order307
4440,FMB-0215S,1,397,388,order307
4441,FMB-0215S,1,630,378,order227
4442,FMB-0215S,1,348,78,order436
4443,FMB-0215S,1,2286,422,order400
4444,FMB-0215S,1,472,394,order107
4445,FMB-0215S,1,1538,38,order493
4446,FMB-0215S,1,361,48,order290
4447,FMB-0215S,1,871,58,order386
4448,FMB-0215S,1,801,308,order386
4449,FMB-0215S,1,978,380,order378
4450,FMB-0215S,1,715,58,order130
4451,FMB-0215S,1,426.5,52.5,order130
4452,FMB-0215S,1,488,78,order130
4453,FMB-0215S,1,616,38,order362
4454,FMB-0215S,1,598,702,order344
4455,FMB-0215S,1,382,579,order110
4456,FMB-0215S,1,882,329,order308
4457,FMB-0215S,1,2194,394,order10
4458,FMB-0215S,1,851,560,order362
4459,FMB-0215S,1,1003,560,order362
4460,FMB-0215S,1,598,528,order344
4461,FMB-0215S,1,488,168.5,order344
4462,FMB-0215S,1,523.5,239,order444
4463,FMB-0215S,1,872.5,378,order443
4464,FMB-0215S,1,870,308,order386
4465,FMB-0215S,1,321,198,order387
4466,FMB-0215S,1,2388,596,order390
4467,FMB-0215S,1,861,577,order27
4468,FMB-0215S,1,2025,348,order435
4469,FMB-0215S,1,363,349,order436
4470,FMB-0215S,1,815,452,order488
4471,FMB-0215S,1,1568,58,order484
4472,FMB-0215S,1,472,83,order484
4473,FMB-0215S,1,691,58,order512
4474,FMB-0215S,1,422,58,order493
4475,FMB-0215S,1,471,361,order290
4476,FMB-0215S,1,488,118,order448
4477,FMB-0215S,1,362,328,order245
4478,FMB-0215S,1,654,339,order245
4479,FMB-0215S,1,1025,58,order562
4480,FMB-0215S,1,201,558,order308
4481,FMB-0215S,1,583.5,459,order307
4482,FMB-0215S,1,1978,866,order401
4483,FMB-0215S,1,802,308,order386
4484,FMB-0215S,1,791,558,order391
4485,FMB-0215S,1,625,52.5,order38
4486,FMB-0215S,1,2220,298,order38
4487,FMB-0215S,1,922,527,order436
4488,FMB-0215S,1,488,158,order436
4489,FMB-0215S,1,525,465,order498
4490,FMB-0215S,1,798,318,order512
4491,FMB-0215S,1,802,297,order493
4492,FMB-0215S,1,288,118,order88
4493,FMB-0215S,1,470,48,order37
4494,FMB-0215S,1,2432,485,order290
4495,FMB-0215S,1,861,300,order12
4496,FMB-0215S,1,545,375,order130
4497,FMB-0215S,1,678,58,order136
4498,FMB-0215S,1,494,48,order362
4499,FMB-0215S,1,270,58,order108
4500,FMB-0215S,1,278,175,order116
4501,FMB-0215S,1,756,155,order57
4502,FMB-0215S,1,738,568,order562
4503,FMB-0215S,1,841,83,order562
4504,FMB-0215S,1,891,330,order229
4505,FMB-0215S,1,519,196,order363
4506,FMB-0215S,1,2286,277,order342
4507,FMB-0215S,1,1998,58,order390
4508,FMB-0215S,1,1236,348,order444
4509,FMB-0215S,1,942,395.5,order442
4510,FMB-0215S,1,198,480,order483
4511,FMB-0215S,1,858,349.8,order512
4512,FMB-0215S,1,488,78,order493
4513,FMB-0215S,1,408,523,order37
4514,FMB-0215S,1,1105.5,900,order387
4515,FMB-0215S,1,858,58,order390
4516,FMB-0215S,1,301.5,1025,order562
4517,FMB-0215S,1,1784,93,order307
4518,FMB-0215S,1,438,78,order10
4519,FMB-0215S,1,1698,348,order134
4520,FMB-0215S,1,238,465,order343
4521,FMB-0215S,1,267.5,621.5,order511
4522,FMB-0215S,1,273,616,order341
4523,FMB-0215S,1,562,379,order378
4524,FMB-0215S,1,780.5,415.5,order443
4525,FMB-0215S,1,709,395,order443
4526,FMB-0215S,1,2398,398,order443
4527,FMB-0215S,1,254,172.5,order37
4528,FMB-0215S,1,951,565,order290
4529,FMB-0215S,1,328,308,order386
4530,FMB-0215S,1,790,411,order391
4531,FMB-0215S,1,2308,58,order387
4532,FMB-0215S,1,2099,425,order388
4533,FMB-0215S,1,424.5,548,order243
4535,FMB-0215S,1,1198,53,order306
4536,FMB-0215S,1,1938,38,order343
4537,FMB-0215S,1,1462,891,order344
4538,FMB-0215S,1,1247,579,order110
4539,FMB-0215S,1,988,954.5,order401
4540,FMB-0215S,1,772,358,order396
4541,FMB-0215S,1,273,616,order341
4542,FMB-0215S,1,670,175.5,order435
4543,FMB-0215S,1,865,132.5,order436
4544,FMB-0215S,1,514.5,289,order444
4545,FMB-0215S,1,342,58,order42
4546,FMB-0215S,1,1861,58,order400
4547,FMB-0215S,1,371,556,order483
4548,FMB-0215S,1,366,557,order64
4549,FMB-0215S,1,550.5,422,order88
4550,FMB-0215S,1,470,48,order37
4551,FMB-0215S,1,317.5,347,order386
4552,FMB-0215S,1,2243,58,order388
4553,FMB-0215S,1,888,38,order447
4554,FMB-0215S,1,360,559,order241
4555,FMB-0215S,1,1198,58,order562
4556,FMB-0215S,1,770,579,order306
4557,FMB-0215S,1,785,1049.5,order306
4558,FMB-0215S,1,1784,88,order307
4559,FMB-0215S,1,267.5,631,order511
4560,FMB-0215S,1,442,58,order493
4561,FMB-0215S,1,317.5,425,order386
4562,FMB-0215S,1,870,308,order386
4563,FMB-0215S,1,1194,510,order391
4565,FMB-0215S,1,381.5,344,order13
4566,FMB-0215S,1,288,118,order229
4567,FMB-0215S,1,2296,852,order137
4568,FMB-0215S,1,2301,967,order135
4569,FMB-0215S,1,946,575,order483
4570,FMB-0215S,1,880,378,order488
4571,FMB-0215S,1,776,310,order246
4572,FMB-0215S,1,2360,58,order57
4573,FMB-0215S,1,770,58,order306
4574,FMB-0215S,1,888,386,order11
4575,FMB-0215S,1,545,174.5,order13
4576,FMB-0215S,1,1004,58,order362
4577,FMB-0215S,1,408,360,order434
4578,FMB-0215S,1,421,378,order400
4579,FMB-0215S,1,771,427,order483
4580,FMB-0215S,1,472,83,order484
4581,FMB-0215S,1,923,317,order510
4582,FMB-0215S,1,691,58,order512
4583,FMB-0215S,1,890,536,order390
4584,FMB-0215S,1,1277,379,order434
4585,FMB-0215S,1,2001,425,order241
4586,FMB-0215S,1,1198,380,order241
4587,FMB-0215S,1,816,407,order307
4588,FMB-0215S,1,1138,58,order11
4589,FMB-0215S,1,329,58,order137
4590,FMB-0215S,1,472,510,order484
4591,FMB-0215S,1,422,347,order88
4592,FMB-0215S,1,847,340,order434
4593,FMB-0215S,1,762,359.5,order443
4594,FMB-0215S,1,421,378,order400
4595,FMB-0215S,1,2094,530,order242
4596,FMB-0215S,1,202,58,order308
4597,FMB-0215S,1,2291,58,order130
4598,FMB-0215S,1,488,78,order130
4599,FMB-0215S,1,647,538,order109
4600,FMB-0215S,1,388,78,order484
4601,FMB-0215S,1,772,358,order396
4602,FMB-0215S,1,648,548,order484
4603,FMB-0215S,1,843.5,445,order386
4604,FMB-0215S,1,802,58,order390
4605,FMB-0215S,1,606,295,order378
4606,FMB-0215S,1,288,118,order444
4607,FMB-0215S,1,710,439,order401
4608,FMB-0215S,1,424.5,548,order243
4609,FMB-0215S,1,1518,398,order245
4610,FMB-0215S,1,2306,770,order306
4611,FMB-0215S,1,545,371.5,order130
4612,FMB-0215S,1,1386.5,348,order130
4613,FMB-0215S,1,220,328,order134
4614,FMB-0215S,1,180,328,order435
4615,FMB-0215S,1,162,327,order435
4616,FMB-0215S,1,513.5,92.5,order444
4617,FMB-0215S,1,1517,58,order398
4618,FMB-0215S,1,772,358,order396
4619,FMB-0215S,1,893,176,order516
4620,FMB-0215S,1,288.5,325.5,order514
4621,FMB-0215S,1,536,114,order511
4622,FMB-0215S,1,303.5,375,order6
4623,FMB-0215S,1,2238,38,order6
4625,FMB-0215S,1,598,702,order344
4626,FMB-0215S,1,631,88,order108
4627,FMB-0215S,1,370,121.5,order483
4628,FMB-0215S,1,502,447,order484
4629,FMB-0215S,1,242,175,order116
4630,FMB-0215S,1,2415,80,order116
4631,FMB-0215S,1,442,439,order562
4632,FMB-0215S,1,2306,770,order306
4633,FMB-0215S,1,862,319,order12
4634,FMB-0215S,1,654,144.5,order108
4635,FMB-0215S,1,238,118,order516
4636,FMB-0215S,1,238,78,order514
4637,FMB-0215S,1,388,198,order37
4638,FMB-0215S,1,483,267.5,order37
4639,FMB-0215S,1,951,58,order290
4640,FMB-0215S,1,495,377,order391
4641,FMB-0215S,1,1071,615,order384
4642,FMB-0215S,1,488,158,order436
4643,FMB-0215S,1,589.5,425,order241
4644,FMB-0215S,1,488,118,order241
4645,FMB-0215S,1,380,518,order562
4647,FMB-0215S,1,554,455,order166
4648,FMB-0215S,1,1598,448,order363
4649,FMB-0215S,1,445,444,order390
4650,FMB-0215S,1,488,78,order42
4651,FMB-0215S,1,488,58,order401
4653,FMB-0215S,1,584,428.5,order363
4654,FMB-0215S,1,388,118,order343
4655,FMB-0215S,1,1247,58,order110
4656,FMB-0215S,1,519,345,order484
4657,FMB-0215S,1,862,325,order386
4658,FMB-0215S,1,802,58,order386
4659,FMB-0215S,1,2298,445,order243
4660,FMB-0215S,1,1375,599.5,order562
4661,FMB-0215S,1,1218,58,order137
4662,FMB-0215S,1,852,579,order362
4663,FMB-0215S,1,584,428,order363
4664,FMB-0215S,1,508,558,order64
4665,FMB-0215S,1,1071,58,order384
4666,FMB-0215S,1,2066,822,order388
4667,FMB-0215S,1,201,48,order27
4668,FMB-0215S,1,320,178,order444
4669,FMB-0215S,1,639,172.5,order443
4670,FMB-0215S,1,2078,58,order64
4671,FMB-0215S,1,1961,931,order504
4672,FMB-0215S,1,197,38,order510
4673,FMB-0215S,1,694.5,278,order510
4674,FMB-0215S,1,950,546,order290
4676,FMB-0215S,1,930,558,order448
4677,FMB-0215S,1,1422,347,order130
4678,FMB-0215S,1,2088,511.5,order362
4679,FMB-0215S,1,1460,508,order344
4680,FMB-0215S,1,1021.5,327,order108
4681,FMB-0215S,1,2432,485,order290
4682,FMB-0215S,1,1001,342,order399
4683,FMB-0215S,1,431,405,order391
4684,FMB-0215S,1,2020,417,order391
4685,FMB-0215S,1,821,448,order388
4686,FMB-0215S,1,498.5,530,order436
4687,FMB-0215S,1,709,395,order443
4688,FMB-0215S,1,418,536,order401
4689,FMB-0215S,1,573,53,order308
4691,FMB-0215S,1,2403,580,order306
4692,FMB-0215S,1,438,78,order10
4693,FMB-0215S,1,337,489,order130
4694,FMB-0215S,1,698,582,order136
4695,FMB-0215S,1,238,118,order444
4696,FMB-0215S,1,1163,327,order442
4697,FMB-0215S,1,2285,568,order398
4698,FMB-0215S,1,576,550,order362
4699,FMB-0215S,1,1562,58,order107
4701,FMB-0215S,1,1172,722,order484
4702,FMB-0215S,1,900,337,order387
4703,FMB-0215S,1,2123,682,order38
4704,FMB-0215S,1,339.5,323,order228
4705,FMB-0215S,1,390,58,order307
4706,FMB-0215S,1,2258,580,order10
4707,FMB-0215S,1,442.5,350,order229
4708,FMB-0215S,1,545,375,order130
4709,FMB-0215S,1,438,198,order362
4710,FMB-0215S,1,288,118,order435
4711,FMB-0215S,1,543,377,order42
4712,FMB-0215S,1,866,58,order401
4713,FMB-0215S,1,1718,58,order397
4714,FMB-0215S,1,1847,394,order107
4715,FMB-0215S,1,175,48,order116
4716,FMB-0215S,1,282,233,order512
4717,FMB-0215S,1,422,329,order493
4718,FMB-0215S,1,929,462,order493
4719,FMB-0215S,1,373,58,order391
4720,FMB-0215S,1,859,327,order349
4721,FMB-0215S,1,733,198,order447
4722,FMB-0215S,1,112,98,order242
4723,FMB-0215S,1,608,520,order241
4724,FMB-0215S,1,509,52.5,order245
4725,FMB-0215S,1,510,289,order245
4726,FMB-0215S,1,575.5,168.5,order454
4727,FMB-0215S,1,1712,58,order42
4728,FMB-0215S,1,1182,898,order120
4729,FMB-0215S,1,388,78,order484
4730,FMB-0215S,1,397,145,order484
4731,FMB-0215S,1,998,448,order484
4732,FMB-0215S,1,802,327,order386
4733,FMB-0215S,1,253,328,order386
4734,FMB-0215S,1,1333,263,order309
4735,FMB-0215S,1,508,131.5,order10
4736,FMB-0215S,1,2194,419,order10
4737,FMB-0215S,1,2055,1004,order362
4738,FMB-0215S,1,576,550,order362
4739,FMB-0215S,1,1598,429,order363
4740,FMB-0215S,1,1649,420,order447
4741,FMB-0215S,1,162,913,order245
4742,FMB-0215S,1,2168,58,order130
4743,FMB-0215S,1,488,118,order344
4744,FMB-0215S,1,443,462,order484
4745,FMB-0215S,1,238,118,order516
4746,FMB-0215S,1,761,359.5,order443
4747,FMB-0215S,1,661,124.5,order42
4748,FMB-0215S,1,422,58,order400
4749,FMB-0215S,1,1978,857,order401
4750,FMB-0215S,1,338,78,order500
4751,FMB-0215S,1,798,299,order512
4752,FMB-0215S,1,588.5,124.5,order493
4753,FMB-0215S,1,871,327,order386
4754,FMB-0215S,1,216.5,802,order386
4755,FMB-0215S,1,858,58,order388
4756,FMB-0215S,1,859,327,order349
4757,FMB-0215S,1,422,579,order306
4758,FMB-0215S,1,980,291,order11
4759,FMB-0215S,1,862,58,order12
4760,FMB-0215S,1,431.2,358,order227
4761,FMB-0215S,1,864,449,order230
4762,FMB-0215S,1,520,656,order385
4763,FMB-0215S,1,2264,455,order390
4764,FMB-0215S,1,1898,58,order27
4765,FMB-0215S,1,2148,530,order130
4766,FMB-0215S,1,820,202,order134
4767,FMB-0215S,1,298,98,order343
4768,FMB-0215S,1,337,558,order483
4769,FMB-0215S,1,449.5,897,order120
4770,FMB-0215S,1,388,78,order484
4771,FMB-0215S,1,1649,420,order447
4772,FMB-0215S,1,2398,38,order241
4773,FMB-0215S,1,488,362,order245
4774,FMB-0215S,1,653,172.5,order245
4775,FMB-0215S,1,671,479.5,order562
4776,FMB-0215S,1,770,58,order306
4777,FMB-0215S,1,338,198,order443
4778,FMB-0215S,1,866,58,order401
4779,FMB-0215S,1,1996,866,order401
4780,FMB-0215S,1,1247,579,order110
4781,FMB-0215S,1,1638,38,order483
4782,FMB-0215S,1,823,318,order510
4783,FMB-0215S,1,691,297,order512
4784,FMB-0215S,1,2363,328,order386
4785,FMB-0215S,1,201,48,order27
4786,FMB-0215S,1,891,240,order307
4788,FMB-0215S,1,220,328,order134
4789,FMB-0215S,1,2152,580,order362
4790,FMB-0215S,1,2055,1139,order362
4791,FMB-0215S,1,571,92.5,order343
4792,FMB-0215S,1,2398,38,order242
4793,FMB-0215S,1,1778.5,220,order230
4794,FMB-0215S,1,780,58,order137
4795,FMB-0215S,1,2001,399.3,order110
4796,FMB-0215S,1,549.5,423.3,order110
4797,FMB-0215S,1,337,558,order483
4798,FMB-0215S,1,458.5,580,order27
4799,FMB-0215S,1,1368,718,order445
4800,FMB-0215S,1,642,299,order454
4801,FMB-0215S,1,921,397,order400
4802,FMB-0215S,1,858,352,order510
4803,FMB-0215S,1,422,328,order88
4804,FMB-0215S,1,412.5,358,order290
4805,FMB-0215S,1,317.5,347,order386
4806,FMB-0215S,1,1071,617,order384
4807,FMB-0215S,1,654,1198,order341
4808,FMB-0215S,1,2360,307,order57
4809,FMB-0215S,1,1198,380,order562
4810,FMB-0215S,1,395,377,order13
4811,FMB-0215S,1,781,413,order133
4812,FMB-0215S,1,598,722,order344
4813,FMB-0215S,1,946,575,order483
4814,FMB-0215S,1,312,509,order484
4815,FMB-0215S,1,865,379,order484
4816,FMB-0215S,1,2403,58,order391
4817,FMB-0215S,1,662,900,order387
4818,FMB-0215S,1,2398,38,order445
4819,FMB-0215S,1,295,300,order454
4820,FMB-0215S,1,811,178,order447
4821,FMB-0215S,1,348,330,order246
4822,FMB-0215S,1,551.5,358,order227
4824,FMB-0215S,1,742,566,order504
4825,FMB-0215S,1,930,516,order504
4826,FMB-0215S,1,1712,377,order42
4827,FMB-0215S,1,923,297,order510
4828,FMB-0215S,1,645,558,order500
4829,FMB-0215S,1,499.5,472,order493
4830,FMB-0215S,1,254,172.5,order37
4831,FMB-0215S,1,982.5,405,order391
4832,FMB-0215S,1,320,178,order444
4833,FMB-0215S,1,844,253,order448
4834,FMB-0215S,1,488,118,order241
4835,FMB-0215S,1,2398,38,order241
4836,FMB-0215S,1,361,308.5,order245
4837,FMB-0215S,1,1333,263,order309
4838,FMB-0215S,1,380,518,order562
4839,FMB-0215S,1,180,328,order435
4840,FMB-0215S,1,556,358,order42
4841,FMB-0215S,1,920,378,order400
4843,FMB-0215S,1,785,1049.5,order306
4844,FMB-0215S,1,678,38,order13
4845,FMB-0215S,1,434.5,350,order229
4846,FMB-0215S,1,1932,200.5,order343
4847,FMB-0215S,1,238,118,order516
4848,FMB-0215S,1,1748,422,order88
4849,FMB-0215S,1,162,276,order245
4850,FMB-0215S,1,503,348,order242
4851,FMB-0215S,1,733,237,order245
4852,FMB-0215S,1,802,832,order246
4853,FMB-0215S,1,1515.5,422,order306
4854,FMB-0215S,1,711.5,363,order11
4855,FMB-0215S,1,520,656,order385
4856,FMB-0215S,1,2328,578,order390
4857,FMB-0215S,1,2394.5,440,order27
4858,FMB-0215S,1,813,433.5,order434
4859,FMB-0215S,1,580,52.5,order42
4860,FMB-0215S,1,399.3,560,order110
4861,FMB-0215S,1,2234,482.5,order483
4862,FMB-0215S,1,205,278,order484
4863,FMB-0215S,1,509,38,order484
4864,FMB-0215S,1,332,58,order6
4865,FMB-0215S,1,420,308,order386
4866,FMB-0215S,1,821,579,order10
4867,FMB-0215S,1,1886,398,order227
4868,FMB-0215S,1,1868,58,order229
4869,FMB-0215S,1,397,58,order130
4870,FMB-0215S,1,852,58,order362
4871,FMB-0215S,1,584.5,488,order344
4872,FMB-0215S,1,301.5,427,order57
4873,FMB-0215S,1,324.5,325,order228
4874,FMB-0215S,1,1386.5,348,order130
4875,FMB-0215S,1,919,243,order362
4876,FMB-0215S,1,1480,88,order484
4878,FMB-0215S,1,288,78,order511
4879,FMB-0215S,1,1002,58,order88
4880,FMB-0215S,1,891,557,order390
4881,FMB-0215S,1,288,118,order435
4882,FMB-0215S,1,942,395,order442
4883,FMB-0215S,1,2298,445,order243
4884,FMB-0215S,1,2398,38,order241
4885,FMB-0215S,1,438,78,order10
4886,FMB-0215S,1,548.5,430,order130
4887,FMB-0215S,1,888,58,order137
4888,FMB-0215S,1,967,58,order135
4889,FMB-0215S,1,288.5,325.5,order514
4890,FMB-0215S,1,929,462,order493
4891,FMB-0215S,1,1878,547.5,order344
4892,FMB-0215S,1,449.5,897,order120
4893,FMB-0215S,1,717,242.5,order510
4894,FMB-0215S,1,1783,560,order500
4895,FMB-0215S,1,645,558,order500
4896,FMB-0215S,1,603,124.5,order514
4897,FMB-0215S,1,2298,445,order243
4898,FMB-0215S,1,871,567,order243
4899,FMB-0215S,1,1440,251.5,order245
4900,FMB-0215S,1,317,38,order562
4901,FMB-0215S,1,2161,821,order10
4902,FMB-0215S,1,2398,480,order135
4903,FMB-0215S,1,2051,422,order493
4904,FMB-0215S,1,435,289,order88
4905,FMB-0215S,1,557,358,order42
4906,FMB-0215S,1,857,555,order401
4907,FMB-0215S,1,1001,342,order399
4908,FMB-0215S,1,890,362,order245
4909,FMB-0215S,1,758,627,order306
4910,FMB-0215S,1,588,430,order307
4911,FMB-0215S,1,362,271,order11
4912,FMB-0215S,1,1823,38,order10
4913,FMB-0215S,1,198,38,order483
4914,FMB-0215S,1,502,447,order484
4915,FMB-0215S,1,662,559,order578
4916,FMB-0215S,1,861,306,order386
4917,FMB-0215S,1,1987,307,order435
4918,FMB-0215S,1,370,276,order442
4919,FMB-0215S,1,568,531,order242
4920,FMB-0215S,1,589.5,877,order241
4921,FMB-0215S,1,746,434,order245
4922,FMB-0215S,1,448,882,order308
4923,FMB-0215S,1,2248,293,order11
4924,FMB-0215S,1,821,560,order10
4925,FMB-0215S,1,201,308,order386
4926,FMB-0215S,1,681,278,order38
4927,FMB-0215S,1,494.5,472.5,order436
4928,FMB-0215S,1,288,118,order444
4929,FMB-0215S,1,970,510,order484
4930,FMB-0215S,1,688,52.5,order484
4931,FMB-0215S,1,486,58,order500
4932,FMB-0215S,1,235,428,order501
4933,FMB-0215S,1,2051,472,order493
4934,FMB-0215S,1,462,379,order493
4935,FMB-0215S,1,628,58,order227
4936,FMB-0215S,1,487.5,168.5,order344
4937,FMB-0215S,1,1847,394,order107
4938,FMB-0215S,1,1318,346,order108
4939,FMB-0215S,1,630,38,order108
4940,FMB-0215S,1,946,577,order483
4941,FMB-0215S,1,878,329,order244
4942,FMB-0215S,1,292,262,order309
4943,FMB-0215S,1,2418,58,order137
4944,FMB-0215S,1,744,58,order137
4945,FMB-0215S,1,280,38,order484
4948,FMB-0215S,1,762,379,order443
4951,FMB-0215S,1,448,866,order401
4952,FMB-0215S,1,712.5,339,order500
4953,FMB-0215S,1,384,92.5,order386
4954,FMB-0215S,1,1258,63,order391
4955,FMB-0215S,1,388,132.5,order387
4957,FMB-0215S,1,273,616,order341
4958,FMB-0215S,1,1847,550,order243
4959,FMB-0215S,1,2188,58,order562
4960,FMB-0215S,1,2410,370,order229
4961,FMB-0215S,1,522,446,order230
4962,FMB-0215S,1,524,387,order130
4963,FMB-0215S,1,1004,58,order362
4964,FMB-0215S,1,173,328,order444
4967,FMB-0215S,1,2001,579,order110
4968,FMB-0215S,1,2388,38,order107
4969,FMB-0215S,1,2039,482,order120
4970,FMB-0215S,1,273,348,order88
4971,FMB-0215S,1,507,58,order37
4972,FMB-0215S,1,901,98,order387
4973,FMB-0215S,1,746,845,order448
4974,FMB-0215S,1,869,128,order244
4975,FMB-0215S,1,539.5,530,order242
4976,FMB-0215S,1,701.5,134,order562
4977,FMB-0215S,1,370,558,order306
4978,FMB-0215S,1,998,93,order307
4979,FMB-0215S,1,488,158,order436
4980,FMB-0215S,1,2051,371,order442
4981,FMB-0215S,1,491,38,order88
4982,FMB-0215S,1,2301,507,order37
4983,FMB-0215S,1,420,308,order386
4984,FMB-0215S,1,2388,58,order390
4985,FMB-0215S,1,255,48,order38
4986,FMB-0215S,1,201,48,order27
4987,FMB-0215S,1,438,158,order10
4988,FMB-0215S,1,892,58,order229
4989,FMB-0215S,1,807,310,order133
4990,FMB-0215S,1,595,194,order483
4991,FMB-0215S,1,717,278.5,order512
4992,FMB-0215S,1,2051,659,order493
4993,FMB-0215S,1,362,328,order245
4994,FMB-0215S,1,1478,398,order245
4995,FMB-0215S,1,1623,568,order562
4996,FMB-0215S,1,380,38,order562
4997,FMB-0215S,1,470,479.5,order562
4998,FMB-0215S,1,2393,310,order137
4999,FMB-0215S,1,2221,494.5,order398
5000,FMB-0215S,1,923,317,order510
5001,FMB-0215S,1,388,198,order37
5002,FMB-0215S,1,1186,871,order386
5003,FMB-0215S,1,1823,578,order391
5004,FMB-0215S,1,1361,58,order401
5005,FMB-0215S,1,2188,970,order398
5006,FMB-0215S,1,288,78,order245
5007,FMB-0215S,1,438,238,order562
5008,FMB-0215S,1,470,479.5,order562
5009,FMB-0215S,1,2047,345,order228
5010,FMB-0215S,1,1789,58,order227
5011,FMB-0215S,1,964,330,order135
5012,FMB-0215S,1,924,370,order344
5013,FMB-0215S,1,145,48,order484
5014,FMB-0215S,1,495,377,order391
5015,FMB-0215S,1,2034,472.5,order436
5016,FMB-0215S,1,488,78,order42
5017,FMB-0215S,1,821,58,order397
5018,FMB-0215S,1,811,178,order447
5019,FMB-0215S,1,877,519,order241
5020,FMB-0215S,1,479.5,379,order562
5021,FMB-0215S,1,1547.5,454,order306
5022,FMB-0215S,1,2398,458,order306
5023,FMB-0215S,1,588,430,order307
5024,FMB-0215S,1,2356,862,order386
5025,FMB-0215S,1,667,871,order386
5026,FMB-0215S,1,798,88,order445
5027,FMB-0215S,1,932.5,379,order434
5029,FMB-0215S,1,2188,565,order398
5030,FMB-0215S,1,464,92.5,order13
5031,FMB-0215S,1,721,277.5,order344
5032,FMB-0215S,1,427,58,order483
5033,FMB-0215S,1,449.5,58,order120
5034,FMB-0215S,1,768.5,350.5,order500
5035,FMB-0215S,1,871,58,order386
5036,FMB-0215S,1,832,329,order246
5037,FMB-0215S,1,832,329,order246
5038,FMB-0215S,1,380,38,order562
5039,FMB-0215S,1,522,288,order562
5040,FMB-0215S,1,470,479.5,order562
5041,FMB-0215S,1,456.5,178,order229
5042,FMB-0215S,1,791,83,order391
5043,FMB-0215S,1,495,377,order391
5044,FMB-0215S,1,794,812,order443
5045,FMB-0215S,1,173,528,order454
5046,FMB-0215S,1,462,447,order484
5047,FMB-0215S,1,662,540,order578
5048,FMB-0215S,1,931,537,order504
5049,FMB-0215S,1,528.5,365,order498
5050,FMB-0215S,1,998,298,order493
5051,FMB-0215S,1,791,538,order391
5052,FMB-0215S,1,2313,434.5,order229
5053,FMB-0215S,1,438,198,order362
5054,FMB-0215S,1,284.5,746,order342
5055,FMB-0215S,1,2291,771,order107
5056,FMB-0215S,1,782,630,order108
5057,FMB-0215S,1,318,52.5,order484
5058,FMB-0215S,1,2157,57,order245
5059,FMB-0215S,1,498,38,order562
5060,FMB-0215S,1,782,630,order108
5061,FMB-0215S,1,2234,482.5,order483
5062,FMB-0215S,1,502,447,order484
5063,FMB-0215S,1,462,447,order484
5064,FMB-0215S,1,788,359,order340
5065,FMB-0215S,1,847,340,order434
5066,FMB-0215S,1,594.5,168.5,order444
5067,FMB-0215S,1,1428.5,707,order118
5068,FMB-0215S,1,883,501,order500
5069,FMB-0215S,1,798,317.6,order512
5070,FMB-0215S,1,2148,330,order493
5071,FMB-0215S,1,1312,327,order386
5072,FMB-0215S,1,2078,58,order391
5073,FMB-0215S,1,430,316,order387
5074,FMB-0215S,1,871,548,order243
5075,FMB-0215S,1,2098,560,order241
5076,FMB-0215S,1,288,78,order245
5077,FMB-0215S,1,1048,297,order10
5078,FMB-0215S,1,321,38,order13
5079,FMB-0215S,1,369,38,order12
5080,FMB-0215S,1,983,963,order391
5081,FMB-0215S,1,1668,58,order385
5082,FMB-0215S,1,780,848,order434
5083,FMB-0215S,1,248,380,order443
5084,FMB-0215S,1,1381,375,order130
5085,FMB-0215S,1,2398,330,order133
5086,FMB-0215S,1,722,527,order344
5087,FMB-0215S,1,902,364,order498
5088,FMB-0215S,1,1933,38,order493
5089,FMB-0215S,1,834,249,order386
5090,FMB-0215S,1,898,348,order349
5091,FMB-0215S,1,507,38,order562
5092,FMB-0215S,1,2403,580,order306
5093,FMB-0215S,1,2194,419,order10
5094,FMB-0215S,1,651,209.5,order343
5095,FMB-0215S,1,2433,58,order483
5096,FMB-0215S,1,1163,327,order442
5097,FMB-0215S,1,811,348,order443
5098,FMB-0215S,1,969,546,order398
5099,FMB-0215S,1,821,58,order397
5100,FMB-0215S,1,441,528,order493
5101,FMB-0215S,1,507,58,order37
5102,FMB-0215S,1,1194,510,order391
5103,FMB-0215S,1,2058,58,order391
5105,FMB-0215S,1,2098,530,order436
5106,FMB-0215S,1,2201,946,order483
5107,FMB-0215S,1,362,547,order484
5108,FMB-0215S,1,502,447,order484
5109,FMB-0215S,1,324.5,239,order116
5110,FMB-0215S,1,1294,420,order493
5111,FMB-0215S,1,380,497,order493
5112,FMB-0215S,1,2265,871,order243
5113,FMB-0215S,1,586,468,order230
5114,FMB-0215S,1,931,440,order137
5115,FMB-0215S,1,928,298,order344
5116,FMB-0215S,1,629,306,order108
5117,FMB-0215S,1,445,174,order483
5118,FMB-0215S,1,847,340,order434
5119,FMB-0215S,1,532,92.5,order444
5120,FMB-0215S,1,959,395,order443
5121,FMB-0215S,1,857,58,order401
5122,FMB-0215S,1,662,58,order578
5123,FMB-0215S,1,664.5,442,order493
5124,FMB-0215S,1,408,523,order37
5125,FMB-0215S,1,700,415,order386
5126,FMB-0215S,1,589,92.5,order435
5127,FMB-0215S,1,362,52.5,order436
5128,FMB-0215S,1,1377.5,422,order242
5129,FMB-0215S,1,405,310,order246
5130,FMB-0215S,1,1618.5,430,order562
5131,FMB-0215S,1,2338,398,order306
5132,FMB-0215S,1,2306,770,order306
5133,FMB-0215S,1,692,290,order137
5134,FMB-0215S,1,1004,579,order362
5135,FMB-0215S,1,572,510,order362
5136,FMB-0215S,1,2001,827.7,order110
0,YW10-0218S,1,2001,58,order205
1,YW10-0218S,1,1339,352.5,order219
2,YW10-0218S,1,2147,517,order517
3,YW10-0218S,1,1179.5,702,order517
4,YW10-0218S,1,1998,558,order450
5,YW10-0218S,1,170,568,order237
6,YW10-0218S,1,769,358,order466
7,YW10-0218S,1,343,92.5,order312
8,YW10-0218S,1,2348,630,order303
9,YW10-0218S,1,2348,558,order565
10,YW10-0218S,1,1568,368,order174
11,YW10-0218S,1,878,478,order66
12,YW10-0218S,1,925,38,order319
13,YW10-0218S,1,2161,58,order86
14,YW10-0218S,1,461,373,order287
15,YW10-0218S,1,245,439,order485
16,YW10-0218S,1,942,392,order287
17,YW10-0218S,1,1320.5,400,order58
18,YW10-0218S,1,508,289,order475
19,YW10-0218S,1,2078,98,order203
20,YW10-0218S,1,1625,377,order268
21,YW10-0218S,1,753,172.5,order518
22,YW10-0218S,1,344,530,order219
23,YW10-0218S,1,338,198,order482
24,YW10-0218S,1,735,558,order312
25,YW10-0218S,1,2398,299,order86
26,YW10-0218S,1,418,458,order66
27,YW10-0218S,1,2182,579,order84
28,YW10-0218S,1,709,369,order237
29,YW10-0218S,1,261.5,907.5,order206
30,YW10-0218S,1,1517.5,258,order312
31,YW10-0218S,1,503,172.5,order565
32,YW10-0218S,1,363,92.5,order204
33,YW10-0218S,1,470,264,order237
34,YW10-0218S,1,531,387.5,order200
35,YW10-0218S,1,507,415,order312
36,YW10-0218S,1,1198,370,order237
37,YW10-0218S,1,1964,395,order91
38,YW10-0218S,1,448,550,order574
39,YW10-0218S,1,713,132.5,order4
40,YW10-0218S,1,488,158,order497
41,YW10-0218S,1,2198,198,order237
42,YW10-0218S,1,754,387.5,order174
43,YW10-0218S,1,460,377,order323
44,YW10-0218S,1,593,225,order565
45,YW10-0218S,1,438,158,order58
46,YW10-0218S,1,480,771,order91
47,YW10-0218S,1,148,548,order561
48,YW10-0218S,1,2353,38,order561
49,YW10-0218S,1,1159,548,order561
50,YW10-0218S,1,2048,118,order469
51,YW10-0218S,1,717,644,order155
52,YW10-0218S,1,662.5,558,order204
53,YW10-0218S,1,270,258,order312
54,YW10-0218S,1,338,198,order482
55,YW10-0218S,1,294.5,666,order316
56,YW10-0218S,1,882,447,order468
57,YW10-0218S,1,2114,441.5,order236
58,YW10-0218S,1,338,118,order466
59,YW10-0218S,1,1128,348,order470
60,YW10-0218S,1,712,327,order496
61,YW10-0218S,1,2367,218,order235
62,YW10-0218S,1,701,260,order517
63,YW10-0218S,1,540,427,order83
64,YW10-0218S,1,334.5,544,order220
65,YW10-0218S,1,880,328,order382
66,YW10-0218S,1,1755,337,order154
67,YW10-0218S,1,338,158,order323
68,YW10-0218S,1,880,328,order563
69,YW10-0218S,1,1981,1063,order202
70,YW10-0218S,1,395,560,order236
71,YW10-0218S,1,1462,138,order233
72,YW10-0218S,1,998,866,order59
73,YW10-0218S,1,2388,98,order303
74,YW10-0218S,1,840,555,order237
75,YW10-0218S,1,673,58,order61
76,YW10-0218S,1,898,153,order159
77,YW10-0218S,1,2273,576,order485
78,YW10-0218S,1,762,237,order563
79,YW10-0218S,1,530,578,order346
80,YW10-0218S,1,748.5,540,order201
81,YW10-0218S,1,282,214.5,order519
82,YW10-0218S,1,1024,495,order316
83,YW10-0218S,1,288,158,order158
85,YW10-0218S,1,443,226.5,order250
86,YW10-0218S,1,1350.5,430,order561
87,YW10-0218S,1,177,197.5,order472
88,YW10-0218S,1,448,58,order469
89,YW10-0218S,1,761,555,order567
90,YW10-0218S,1,478,278,order232
92,YW10-0218S,1,668,299,order86
93,YW10-0218S,1,1165,571,order269
94,YW10-0218S,1,1121,930,order217
95,YW10-0218S,1,711,558,order84
96,YW10-0218S,1,1162,327,order418
97,YW10-0218S,1,881,428,order468
98,YW10-0218S,1,1462,58,order233
99,YW10-0218S,1,2101,329,order520
100,YW10-0218S,1,674,317,order219
101,YW10-0218S,1,1998,530,order219
102,YW10-0218S,1,1998,530,order219
103,YW10-0218S,1,255.5,419.8,order237
104,YW10-0218S,1,643,277,order232
105,YW10-0218S,1,517,367,order237
106,YW10-0218S,1,935.5,369,order231
107,YW10-0218S,1,793,446.5,order424
108,YW10-0218S,1,898,367,order174
109,YW10-0218S,1,393,309,order520
111,YW10-0218S,1,278,38,order235
112,YW10-0218S,1,538.5,660,order517
113,YW10-0218S,1,2398,328,order566
114,YW10-0218S,1,1797,347,order497
115,YW10-0218S,1,2388,558,order567
116,YW10-0218S,1,1480,517,order204
117,YW10-0218S,1,1235.5,282,order519
118,YW10-0218S,1,338,78,order517
119,YW10-0218S,1,1625,58,order268
120,YW10-0218S,1,498.5,560,order156
121,YW10-0218S,1,190,840,order237
122,YW10-0218S,1,370,308,order496
123,YW10-0218S,1,388,158,order83
124,YW10-0218S,1,938,58,order204
125,YW10-0218S,1,380,747,order121
126,YW10-0218S,1,388,118,order474
127,YW10-0218S,1,2001,579,order84
128,YW10-0218S,1,942,58,order287
129,YW10-0218S,1,1458,369,order158
130,YW10-0218S,1,847,58,order58
131,YW10-0218S,1,860,58,order482
132,YW10-0218S,1,1625,377,order268
133,YW10-0218S,1,2065,377,order232
134,YW10-0218S,1,394,557,order450
135,YW10-0218S,1,698,788,order159
136,YW10-0218S,1,245,439,order485
137,YW10-0218S,1,266.5,393.5,order105
138,YW10-0218S,1,844,395,order519
139,YW10-0218S,1,2098,558,order474
140,YW10-0218S,1,723,428,order83
141,YW10-0218S,1,724,58,order424
142,YW10-0218S,1,394,395,order312
143,YW10-0218S,1,355,439,order418
144,YW10-0218S,1,942,58,order287
145,YW10-0218S,1,241,416,order58
146,YW10-0218S,1,568,92.5,order237
147,YW10-0218S,1,1798,38,order191
148,YW10-0218S,1,777,327,order205
149,YW10-0218S,1,950,58,order61
150,YW10-0218S,1,484,365.3,order233
151,YW10-0218S,1,1884,98,order475
152,YW10-0218S,1,116,537,order517
153,YW10-0218S,1,399,58,order474
155,YW10-0218S,1,418,558,order450
156,YW10-0218S,1,361,327,order174
157,YW10-0218S,1,468,575,order237
158,YW10-0218S,1,956,58,order565
159,YW10-0218S,1,301,358,order237
160,YW10-0218S,1,414.5,535,order66
161,YW10-0218S,1,491,1165,order269
162,YW10-0218S,1,649.5,298,order86
163,YW10-0218S,1,414,151.5,order574
164,YW10-0218S,1,2118,58,order469
165,YW10-0218S,1,1642,579,order236
166,YW10-0218S,1,710,508,order233
167,YW10-0218S,1,238,118,order60
168,YW10-0218S,1,1962,734,order497
169,YW10-0218S,1,840,548,order561
170,YW10-0218S,1,2393,38,order200
171,YW10-0218S,1,275,463.3,order206
172,YW10-0218S,1,2284,395,order603
173,YW10-0218S,1,418,464,order520
174,YW10-0218S,1,577,38,order250
175,YW10-0218S,1,460,373,order287
176,YW10-0218S,1,488,118,order219
177,YW10-0218S,1,1012,58,order469
178,YW10-0218S,1,2028,58,order469
179,YW10-0218S,1,718,58,order449
180,YW10-0218S,1,1417,58,order561
181,YW10-0218S,1,248,327,order205
182,YW10-0218S,1,1498,58,order574
183,YW10-0218S,1,260,378,order423
184,YW10-0218S,1,288,118,order574
185,YW10-0218S,1,448,580,order469
186,YW10-0218S,1,888.5,347,order497
187,YW10-0218S,1,921,402,order159
188,YW10-0218S,1,706.5,350.5,order61
189,YW10-0218S,1,370,308,order496
190,YW10-0218S,1,568,92.5,order237
191,YW10-0218S,1,769,358,order466
192,YW10-0218S,1,534,272.5,order237
193,YW10-0218S,1,388,158,order83
194,YW10-0218S,1,302,58,order237
195,YW10-0218S,1,783,577,order235
196,YW10-0218S,1,560.5,360.3,order496
197,YW10-0218S,1,581.5,92.5,order486
198,YW10-0218S,1,701.5,360,order450
199,YW10-0218S,1,1128,348,order470
200,YW10-0218S,1,1818,58,order561
201,YW10-0218S,1,590,58,order237
202,YW10-0218S,1,707,489,order156
203,YW10-0218S,1,662,770,order466
204,YW10-0218S,1,521,398,order58
205,YW10-0218S,1,743,198.5,order158
206,YW10-0218S,1,447,560,order85
207,YW10-0218S,1,488,485,order287
208,YW10-0218S,1,1012,579,order469
209,YW10-0218S,1,2098,503,order469
210,YW10-0218S,1,762,78,order560
211,YW10-0218S,1,407,277.5,order60
212,YW10-0218S,1,2353,328,order205
213,YW10-0218S,1,821,58,order220
214,YW10-0218S,1,246,568,order63
216,YW10-0218S,1,712,327,order496
217,YW10-0218S,1,912,529,order603
218,YW10-0218S,1,317,396.5,order450
219,YW10-0218S,1,760,308,order329
220,YW10-0218S,1,344,489,order312
221,YW10-0218S,1,801,579,order467
222,YW10-0218S,1,361,508,order603
223,YW10-0218S,1,498.5,550,order91
224,YW10-0218S,1,582.5,489,order486
225,YW10-0218S,1,706,279,order86
226,YW10-0218S,1,488,78,order319
227,YW10-0218S,1,357.5,489,order319
228,YW10-0218S,1,410,556,order250
229,YW10-0218S,1,971,297,order60
230,YW10-0218S,1,812,58,order603
231,YW10-0218S,1,1273,248,order519
232,YW10-0218S,1,524.5,383.8,order201
233,YW10-0218S,1,651,239,order86
234,YW10-0218S,1,312,277,order517
235,YW10-0218S,1,2418,58,order449
236,YW10-0218S,1,495,395,order91
237,YW10-0218S,1,459.5,904,order520
238,YW10-0218S,1,388,238,order316
239,YW10-0218S,1,468.5,816,order234
240,YW10-0218S,1,266.5,393.5,order105
241,YW10-0218S,1,370,518,order237
242,YW10-0218S,1,441,546,order475
243,YW10-0218S,1,882,58,order468
244,YW10-0218S,1,483,132.5,order83
245,YW10-0218S,1,803,193.5,order4
246,YW10-0218S,1,462,379,order316
247,YW10-0218S,1,462,379,order316
248,YW10-0218S,1,655,132.5,order603
249,YW10-0218S,1,560.5,360.3,order496
250,YW10-0218S,1,388.5,342.5,order60
251,YW10-0218S,1,488,118,order561
252,YW10-0218S,1,2301,632,order231
253,YW10-0218S,1,847,583,order319
254,YW10-0218S,1,762,327,order563
255,YW10-0218S,1,2020,437,order316
256,YW10-0218S,1,361,508,order603
257,YW10-0218S,1,638,38,order237
259,YW10-0218S,1,2161,298,order86
260,YW10-0218S,1,458,397.5,order574
261,YW10-0218S,1,677,529,order219
262,YW10-0218S,1,848,470,order458
263,YW10-0218S,1,1247,722,order60
264,YW10-0218S,1,2109,372.5,order155
265,YW10-0218S,1,1473,370,order231
266,YW10-0218S,1,298,368,order174
267,YW10-0218S,1,930,358,order424
269,YW10-0218S,1,2251,912,order603
270,YW10-0218S,1,706,279,order86
271,YW10-0218S,1,933,469,order561
272,YW10-0218S,1,461,373,order287
273,YW10-0218S,1,668,545,order160
274,YW10-0218S,1,877,343,order269
275,YW10-0218S,1,237,58,order472
276,YW10-0218S,1,517,367,order237
277,YW10-0218S,1,509.5,577,order202
278,YW10-0218S,1,690,132.5,order58
279,YW10-0218S,1,705,163,order561
280,YW10-0218S,1,1382,579,order85
281,YW10-0218S,1,420,316.5,order574
282,YW10-0218S,1,1048,58,order203
283,YW10-0218S,1,402,249,order159
284,YW10-0218S,1,479,508,order219
285,YW10-0218S,1,488,198,order250
286,YW10-0218S,1,356,38,order424
287,YW10-0218S,1,2201,484,order92
288,YW10-0218S,1,288,118,order174
289,YW10-0218S,1,898,38,order61
290,YW10-0218S,1,711,327.5,order470
291,YW10-0218S,1,448,558,order250
292,YW10-0218S,1,632,58,order231
293,YW10-0218S,1,2058,458,order316
294,YW10-0218S,1,294.5,437,order316
295,YW10-0218S,1,696.5,453.8,order497
296,YW10-0218S,1,322,328,order497
297,YW10-0218S,1,962,277,order232
298,YW10-0218S,1,460,373,order287
299,YW10-0218S,1,898,58,order468
300,YW10-0218S,1,846,564,order319
301,YW10-0218S,1,651,610,order303
302,YW10-0218S,1,758,308,order200
303,YW10-0218S,1,765,308,order200
304,YW10-0218S,1,2368,328,order496
305,YW10-0218S,1,761,867,order424
306,YW10-0218S,1,298,368,order174
307,YW10-0218S,1,414.5,564,order319
308,YW10-0218S,1,998,310,order92
309,YW10-0218S,1,314,38,order235
310,YW10-0218S,1,1122,729,order217
311,YW10-0218S,1,361,508,order603
312,YW10-0218S,1,380,58,order121
313,YW10-0218S,1,331,296,order232
314,YW10-0218S,1,2101,904,order520
315,YW10-0218S,1,2198,578,order517
316,YW10-0218S,1,815,395,order563
317,YW10-0218S,1,288,198,order518
318,YW10-0218S,1,2182,577.5,order84
319,YW10-0218S,1,1541,327,order200
320,YW10-0218S,1,464,378.8,order237
321,YW10-0218S,1,811,761,order519
323,YW10-0218S,1,628,78,order61
324,YW10-0218S,1,347,128,order470
325,YW10-0218S,1,2014,383.8,order201
326,YW10-0218S,1,1273,248,order519
327,YW10-0218S,1,743,98,order231
328,YW10-0218S,1,723,428,order83
329,YW10-0218S,1,474.5,415,order236
330,YW10-0218S,1,1378,598,order565
331,YW10-0218S,1,696.5,453.8,order497
332,YW10-0218S,1,1797,328,order497
333,YW10-0218S,1,2098,290,order475
334,YW10-0218S,1,588,572,order269
335,YW10-0218S,1,761,308,order563
336,YW10-0218S,1,841,83,order237
337,YW10-0218S,1,364,439,order204
338,YW10-0218S,1,1998,58,order496
339,YW10-0218S,1,617,278,order517
340,YW10-0218S,1,288,158,order154
342,YW10-0218S,1,488,158,order497
343,YW10-0218S,1,771,58,order154
344,YW10-0218S,1,2081,579,order236
345,YW10-0218S,1,398,278,order312
346,YW10-0218S,1,1781,348,order497
347,YW10-0218S,1,680,278,order232
348,YW10-0218S,1,973,328,order329
349,YW10-0218S,1,435,777,order205
350,YW10-0218S,1,2062,58,order312
351,YW10-0218S,1,361,830,order312
352,YW10-0218S,1,246,568,order63
353,YW10-0218S,1,1382,577.5,order85
354,YW10-0218S,1,444,443,order469
356,YW10-0218S,1,2418,58,order237
357,YW10-0218S,1,723,477.5,order418
358,YW10-0218S,1,797,132.5,order474
359,YW10-0218S,1,361,527,order604
360,YW10-0218S,1,1998,580,order220
361,YW10-0218S,1,2292,58,order236
362,YW10-0218S,1,2196,58,order236
363,YW10-0218S,1,1618,398,order450
364,YW10-0218S,1,660,58,order517
365,YW10-0218S,1,373.5,348,order497
366,YW10-0218S,1,1498,128,order470
367,YW10-0218S,1,504,489,order565
368,YW10-0218S,1,448,503,order469
369,YW10-0218S,1,524.5,383.8,order201
370,YW10-0218S,1,740,708,order217
371,YW10-0218S,1,754,289,order518
372,YW10-0218S,1,528,841,order561
373,YW10-0218S,1,841,88,order561
374,YW10-0218S,1,573,216,order83
375,YW10-0218S,1,2098,558,order474
376,YW10-0218S,1,991,462,order316
377,YW10-0218S,1,1998,98,order220
378,YW10-0218S,1,488,158,order497
379,YW10-0218S,1,438,238,order561
380,YW10-0218S,1,363,172.5,order482
381,YW10-0218S,1,170,568,order237
382,YW10-0218S,1,599.5,821,order191
383,YW10-0218S,1,2034,384,order467
384,YW10-0218S,1,733.1,58,order424
386,YW10-0218S,1,691,477,order574
387,YW10-0218S,1,811,622.5,order458
388,YW10-0218S,1,463.5,379,order561
389,YW10-0218S,1,841,555,order237
390,YW10-0218S,1,898,787,order205
391,YW10-0218S,1,1658,398,order471
392,YW10-0218S,1,474.5,441.5,order236
393,YW10-0218S,1,1517,559,order201
394,YW10-0218S,1,571,542,order269
395,YW10-0218S,1,420,376.5,order574
396,YW10-0218S,1,459.5,329,order520
397,YW10-0218S,1,980,558,order565
398,YW10-0218S,1,1001,299,order86
399,YW10-0218S,1,898,237,order159
400,YW10-0218S,1,562,728,order240
401,YW10-0218S,1,682,413,order121
402,YW10-0218S,1,760,327,order329
403,YW10-0218S,1,480,771,order91
404,YW10-0218S,1,484,389,order83
405,YW10-0218S,1,488,198,order160
406,YW10-0218S,1,598,330,order316
407,YW10-0218S,1,415,412.5,order450
408,YW10-0218S,1,684,370.5,order424
409,YW10-0218S,1,1598,78,order316
410,YW10-0218S,1,400,259,order58
411,YW10-0218S,1,1194,495,order237
412,YW10-0218S,1,1618,299,order450
413,YW10-0218S,1,438,98,order520
414,YW10-0218S,1,821,579,order191
415,YW10-0218S,1,822,58,order485
416,YW10-0218S,1,778,453.8,order497
417,YW10-0218S,1,355,888.5,order497
418,YW10-0218S,1,1934,421,order220
419,YW10-0218S,1,783,578,order235
420,YW10-0218S,1,448,503,order469
421,YW10-0218S,1,841,555,order237
422,YW10-0218S,1,666,58,order204
423,YW10-0218S,1,379,728,order240
424,YW10-0218S,1,1619.5,276.5,order221
425,YW10-0218S,1,1970,58,order561
426,YW10-0218S,1,460,58,order323
427,YW10-0218S,1,2251,762,order604
428,YW10-0218S,1,996.5,360.5,order86
429,YW10-0218S,1,942,392,order287
430,YW10-0218S,1,798,38,order61
431,YW10-0218S,1,2001,871,order469
432,YW10-0218S,1,322,328,order497
433,YW10-0218S,1,898,398,order482
434,YW10-0218S,1,353,132.5,order250
436,YW10-0218S,1,844.5,294,order240
437,YW10-0218S,1,707,489,order156
438,YW10-0218S,1,766,38,order121
439,YW10-0218S,1,370,308,order496
440,YW10-0218S,1,1437,58,order561
441,YW10-0218S,1,425,395,order474
442,YW10-0218S,1,350.5,898,order174
443,YW10-0218S,1,1028,380,order316
444,YW10-0218S,1,195,579,order154
445,YW10-0218S,1,991,462,order316
447,YW10-0218S,1,1797,328,order497
448,YW10-0218S,1,1198,370,order237
449,YW10-0218S,1,847,575,order58
450,YW10-0218S,1,438,158,order58
451,YW10-0218S,1,771,549,order91
452,YW10-0218S,1,2328.5,153.5,order303
453,YW10-0218S,1,2224,58,order269
454,YW10-0218S,1,362,58,order174
455,YW10-0218S,1,656.5,811,order312
456,YW10-0218S,1,227,370,order158
457,YW10-0218S,1,395,306,order566
458,YW10-0218S,1,798,357,order424
459,YW10-0218S,1,880,328,order382
460,YW10-0218S,1,1901,821,order220
461,YW10-0218S,1,588,572,order269
462,YW10-0218S,1,811,328.5,order458
463,YW10-0218S,1,261.5,907.5,order206
464,YW10-0218S,1,776,489,order160
465,YW10-0218S,1,594,366,order316
466,YW10-0218S,1,541,92.5,order382
467,YW10-0218S,1,997,310,order92
468,YW10-0218S,1,997,310,order92
469,YW10-0218S,1,318.5,52.5,order154
470,YW10-0218S,1,777,58,order205
471,YW10-0218S,1,2284,395,order604
472,YW10-0218S,1,548,58,order472
473,YW10-0218S,1,577,58,order58
474,YW10-0218S,1,498.5,290,order475
475,YW10-0218S,1,370,508,order604
476,YW10-0218S,1,671,358,order232
477,YW10-0218S,1,338,158,order59
478,YW10-0218S,1,362,58,order156
479,YW10-0218S,1,2338,588,order237
480,YW10-0218S,1,468.5,579,order234
481,YW10-0218S,1,488,158,order497
482,YW10-0218S,1,779,168,order174
483,YW10-0218S,1,2114,441.5,order236
484,YW10-0218S,1,502,477,order66
485,YW10-0218S,1,488,118,order486
486,YW10-0218S,1,729,457.5,order418
487,YW10-0218S,1,488,118,order58
488,YW10-0218S,1,668.4,289,order424
489,YW10-0218S,1,526,132.5,order83
490,YW10-0218S,1,863,560,order236
491,YW10-0218S,1,984,577,order474
492,YW10-0218S,1,796,577,order250
493,YW10-0218S,1,2098,580,order469
494,YW10-0218S,1,1797,1007,order497
495,YW10-0218S,1,463,466,order475
497,YW10-0218S,1,2108,58,order561
498,YW10-0218S,1,351.5,517,order237
499,YW10-0218S,1,380,747,order121
500,YW10-0218S,1,482,48,order469
501,YW10-0218S,1,421,58,order469
502,YW10-0218S,1,272.5,489,order219
503,YW10-0218S,1,437.5,149,order319
504,YW10-0218S,1,881,387.5,order200
507,YW10-0218S,1,618,580,order191
508,YW10-0218S,1,2291,438.5,order319
509,YW10-0218S,1,483,308,order92
510,YW10-0218S,1,431,767,order237
511,YW10-0218S,1,2063.5,430,order237
512,YW10-0218S,1,434.5,407.5,order250
513,YW10-0218S,1,2014,340.8,order204
514,YW10-0218S,1,488,118,order312
515,YW10-0218S,1,522,417,order58
516,YW10-0218S,1,716,318,order497
517,YW10-0218S,1,834,454,order468
518,YW10-0218S,1,461,373,order287
519,YW10-0218S,1,444,151.5,order204
520,YW10-0218S,1,881,387.5,order200
521,YW10-0218S,1,224,397,order450
522,YW10-0218S,1,444.5,444,order469
523,YW10-0218S,1,1218,58,order561
524,YW10-0218S,1,813,38,order205
525,YW10-0218S,1,724.5,720,order518
526,YW10-0218S,1,2098,558,order474
527,YW10-0218S,1,544,329,order220
528,YW10-0218S,1,324,489,order497
529,YW10-0218S,1,288,158,order154
530,YW10-0218S,1,981,174,order474
531,YW10-0218S,1,1013,984,order474
532,YW10-0218S,1,488,118,order312
533,YW10-0218S,1,390,538,order312
534,YW10-0218S,1,438,118,order485
535,YW10-0218S,1,2001,801,order467
536,YW10-0218S,1,322,328,order497
537,YW10-0218S,1,2098,58,order203
538,YW10-0218S,1,402,249,order159
539,YW10-0218S,1,958,250,order159
540,YW10-0218S,1,843,242,order518
541,YW10-0218S,1,1918,58,order497
542,YW10-0218S,1,2418,58,order519
543,YW10-0218S,1,341,489,order58
544,YW10-0218S,1,2251,812,order603
545,YW10-0218S,1,2196,58,order236
546,YW10-0218S,1,2001,711,order82
547,YW10-0218S,1,282,214.5,order519
548,YW10-0218S,1,588,572,order269
549,YW10-0218S,1,338,78,order517
550,YW10-0218S,1,698,98,order449
551,YW10-0218S,1,598,841,order237
552,YW10-0218S,1,461,373,order287
553,YW10-0218S,1,1366,295,order232
554,YW10-0218S,1,758,98,order86
555,YW10-0218S,1,738,374,order518
556,YW10-0218S,1,488,68,order574
557,YW10-0218S,1,1934,420.5,order220
558,YW10-0218S,1,488,158,order497
559,YW10-0218S,1,516.5,702,order82
560,YW10-0218S,1,275,463.3,order206
561,YW10-0218S,1,1362,565,order475
562,YW10-0218S,1,770,530,order91
563,YW10-0218S,1,698,866,order59
564,YW10-0218S,1,826,413,order121
565,YW10-0218S,1,704,329,order316
567,YW10-0218S,1,224,378,order450
568,YW10-0218S,1,431,738.5,order237
569,YW10-0218S,1,832,677,order457
570,YW10-0218S,1,2291,438.5,order319
571,YW10-0218S,1,349.5,420,order220
572,YW10-0218S,1,438,238,order561
573,YW10-0218S,1,2081,419,order236
574,YW10-0218S,1,2301,707,order86
575,YW10-0218S,1,1878,58,order202
576,YW10-0218S,1,694,279,order86
577,YW10-0218S,1,401.5,377,order471
578,YW10-0218S,1,1460,58,order470
579,YW10-0218S,1,676,346,order232
580,YW10-0218S,1,430,460,order59
581,YW10-0218S,1,2103,58,order237
582,YW10-0218S,1,383,92.5,order450
583,YW10-0218S,1,315,328,order418
584,YW10-0218S,1,351.5,420,order574
585,YW10-0218S,1,1458,369,order158
586,YW10-0218S,1,374,347,order519
587,YW10-0218S,1,717,644,order155
588,YW10-0218S,1,2353,58,order561
589,YW10-0218S,1,224,378,order450
590,YW10-0218S,1,680,378,order466
591,YW10-0218S,1,217,58,order472
592,YW10-0218S,1,1738,58,order467
593,YW10-0218S,1,1198,370,order237
594,YW10-0218S,1,401.5,760,order471
595,YW10-0218S,1,658,444,order418
596,YW10-0218S,1,517,423,order155
597,YW10-0218S,1,560,327,order382
598,YW10-0218S,1,397,579,order220
599,YW10-0218S,1,1932,386.5,order156
600,YW10-0218S,1,153.5,538,order312
601,YW10-0218S,1,524.5,359,order202
602,YW10-0218S,1,771,549,order91
603,YW10-0218S,1,588,572,order269
604,YW10-0218S,1,2196,579,order236
605,YW10-0218S,1,527.5,478,order66
606,YW10-0218S,1,992,558,order203
607,YW10-0218S,1,364,339,order482
609,YW10-0218S,1,503.5,327,order155
610,YW10-0218S,1,831,508.5,order92
611,YW10-0218S,1,880,348,order174
612,YW10-0218S,1,527,389,order83
613,YW10-0218S,1,507.5,662.5,order204
614,YW10-0218S,1,507.5,662.5,order204
615,YW10-0218S,1,2198,580,order191
616,YW10-0218S,1,898,448,order468
617,YW10-0218S,1,438,158,order58
618,YW10-0218S,1,762,297,order560
619,YW10-0218S,1,862,307.5,order204
620,YW10-0218S,1,631,348,order231
621,YW10-0218S,1,602,795,order205
622,YW10-0218S,1,694,279,order86
623,YW10-0218S,1,498.5,38,order423
624,YW10-0218S,1,558,443,order236
625,YW10-0218S,1,651,239,order86
626,YW10-0218S,1,719,308,order470
627,YW10-0218S,1,288,158,order158
628,YW10-0218S,1,1658,448,order468
629,YW10-0218S,1,495,459.5,order475
630,YW10-0218S,1,1968,55,order174
631,YW10-0218S,1,1008,298,order60
632,YW10-0218S,1,798,258,order61
633,YW10-0218S,1,388,158,order604
634,YW10-0218S,1,819,538,order312
635,YW10-0218S,1,338,118,order450
636,YW10-0218S,1,1326,459.5,order160
637,YW10-0218S,1,1172.5,528,order4
638,YW10-0218S,1,1998,330,order220
639,YW10-0218S,1,1934,412.5,order450
640,YW10-0218S,1,2294,38,order424
641,YW10-0218S,1,1551,443,order236
642,YW10-0218S,1,338,158,order450
643,YW10-0218S,1,522,58,order58
644,YW10-0218S,1,1638.5,882,order468
645,YW10-0218S,1,1120.5,882,order468
646,YW10-0218S,1,654.5,721,order296
647,YW10-0218S,1,360,557,order450
648,YW10-0218S,1,1012,58,order469
649,YW10-0218S,1,918,58,order468
650,YW10-0218S,1,1536,278,order312
651,YW10-0218S,1,762,508,order604
652,YW10-0218S,1,160.5,382,order58
653,YW10-0218S,1,361,527,order604
654,YW10-0218S,1,288,158,order154
655,YW10-0218S,1,664,288,order561
656,YW10-0218S,1,2196,579,order236
657,YW10-0218S,1,499.5,863.5,order204
658,YW10-0218S,1,752,340,order237
659,YW10-0218S,1,395,560,order236
660,YW10-0218S,1,1362,565,order475
661,YW10-0218S,1,636,58,order469
662,YW10-0218S,1,841,83,order561
663,YW10-0218S,1,562,709,order240
664,YW10-0218S,1,651,610,order303
665,YW10-0218S,1,464,378.8,order237
666,YW10-0218S,1,464,378.8,order237
667,YW10-0218S,1,517.5,380,order121
668,YW10-0218S,1,604,160,order466
669,YW10-0218S,1,133,557,order486
670,YW10-0218S,1,706,279,order86
671,YW10-0218S,1,2217,58,order86
672,YW10-0218S,1,691,477,order574
673,YW10-0218S,1,882,58,order468
674,YW10-0218S,1,484,389,order83
675,YW10-0218S,1,1620,377,order471
676,YW10-0218S,1,862,327,order418
677,YW10-0218S,1,862,308,order418
678,YW10-0218S,1,862,577,order204
679,YW10-0218S,1,831,508.5,order92
680,YW10-0218S,1,261.5,327,order206
681,YW10-0218S,1,2098,580,order467
682,YW10-0218S,1,701.5,167,order458
683,YW10-0218S,1,978,118,order468
684,YW10-0218S,1,241,528,order60
685,YW10-0218S,1,1362,58,order520
686,YW10-0218S,1,1128,348,order470
687,YW10-0218S,1,412,558,order250
688,YW10-0218S,1,802,318,order268
689,YW10-0218S,1,882,447,order468
690,YW10-0218S,1,461,878,order269
691,YW10-0218S,1,877,343,order269
692,YW10-0218S,1,1198,370,order237
693,YW10-0218S,1,713,132.5,order4
694,YW10-0218S,1,1998,580,order220
695,YW10-0218S,1,821,58,order220
696,YW10-0218S,1,880,348,order174
697,YW10-0218S,1,1934,418,order450
698,YW10-0218S,1,470.5,58,order83
699,YW10-0218S,1,698,328,order563
700,YW10-0218S,1,777,327,order205
701,YW10-0218S,1,898,448,order468
702,YW10-0218S,1,534,272.5,order237
703,YW10-0218S,1,360.5,347,order497
704,YW10-0218S,1,2034,384,order467
705,YW10-0218S,1,354,339,order191
709,YW10-0218S,1,404,339,order59
710,YW10-0218S,1,361,327,order174
711,YW10-0218S,1,462,379,order316
712,YW10-0218S,1,2098,580,order469
713,YW10-0218S,1,2198,58,order574
714,YW10-0218S,1,786,316.5,order519
715,YW10-0218S,1,526,328,order497
716,YW10-0218S,1,364,339,order482
717,YW10-0218S,1,798,439,order474
718,YW10-0218S,1,771,88,order154
719,YW10-0218S,1,594,439,order561
720,YW10-0218S,1,801.5,755,order174
721,YW10-0218S,1,1011,560,order469
722,YW10-0218S,1,415,389.5,order471
723,YW10-0218S,1,2416,38,order121
724,YW10-0218S,1,363,172.5,order482
725,YW10-0218S,1,400,536,order485
726,YW10-0218S,1,1678,58,order468
727,YW10-0218S,1,1931,771,order91
728,YW10-0218S,1,474.5,461.5,order520
729,YW10-0218S,1,625,38,order155
730,YW10-0218S,1,2298,330,order92
731,YW10-0218S,1,720,377,order296
732,YW10-0218S,1,338,118,order450
733,YW10-0218S,1,398,578,order450
736,YW10-0218S,1,822,58,order485
737,YW10-0218S,1,672,212.5,order237
738,YW10-0218S,1,351.5,729,order237
739,YW10-0218S,1,801,58,order566
741,YW10-0218S,1,2251,956,order565
742,YW10-0218S,1,840,338.5,order231
743,YW10-0218S,1,198,536,order58
744,YW10-0218S,1,518,578,order204
745,YW10-0218S,1,2034,486.5,order474
746,YW10-0218S,1,512,720,order346
747,YW10-0218S,1,1462,58,order233
748,YW10-0218S,1,1080,378,order482
749,YW10-0218S,1,2134,462,order520
750,YW10-0218S,1,444,548,order561
751,YW10-0218S,1,382,58,order450
752,YW10-0218S,1,2308,347,order174
753,YW10-0218S,1,942,58,order287
754,YW10-0218S,1,847,575,order58
755,YW10-0218S,1,373.5,348,order497
756,YW10-0218S,1,910,367.5,order548
757,YW10-0218S,1,734,248,order458
758,YW10-0218S,1,2334.5,311,order235
759,YW10-0218S,1,1165,58,order269
760,YW10-0218S,1,523,488,order203
761,YW10-0218S,1,488,78,order319
762,YW10-0218S,1,704,329,order316
763,YW10-0218S,1,635,402.5,order205
764,YW10-0218S,1,860,58,order418
765,YW10-0218S,1,2398,393,order287
766,YW10-0218S,1,798,380,order474
767,YW10-0218S,1,984,98,order474
768,YW10-0218S,1,912.5,386.5,order200
769,YW10-0218S,1,660,58,order517
770,YW10-0218S,1,507,415,order312
771,YW10-0218S,1,794,248,order560
772,YW10-0218S,1,1782,577,order202
773,YW10-0218S,1,524.5,359,order202
774,YW10-0218S,1,360.5,888.5,order497
775,YW10-0218S,1,776,489,order160
